-- MySQL dump 10.13  Distrib 9.5.0, for Win64 (x86_64)
--
-- Host: 127.0.0.1    Database: teach_manage
-- ------------------------------------------------------
-- Server version	9.5.0

/*!40101 SET @OLD_CHARACTER_SET_CLIENT=@@CHARACTER_SET_CLIENT */;
/*!40101 SET @OLD_CHARACTER_SET_RESULTS=@@CHARACTER_SET_RESULTS */;
/*!40101 SET @OLD_COLLATION_CONNECTION=@@COLLATION_CONNECTION */;
/*!50503 SET NAMES utf8mb4 */;
/*!40103 SET @OLD_TIME_ZONE=@@TIME_ZONE */;
/*!40103 SET TIME_ZONE='+00:00' */;
/*!40014 SET @OLD_UNIQUE_CHECKS=@@UNIQUE_CHECKS, UNIQUE_CHECKS=0 */;
/*!40014 SET @OLD_FOREIGN_KEY_CHECKS=@@FOREIGN_KEY_CHECKS, FOREIGN_KEY_CHECKS=0 */;
/*!40101 SET @OLD_SQL_MODE=@@SQL_MODE, SQL_MODE='NO_AUTO_VALUE_ON_ZERO' */;
/*!40111 SET @OLD_SQL_NOTES=@@SQL_NOTES, SQL_NOTES=0 */;
SET @MYSQLDUMP_TEMP_LOG_BIN = @@SESSION.SQL_LOG_BIN;
SET @@SESSION.SQL_LOG_BIN= 0;

--
-- GTID state at the beginning of the backup 
--

SET @@GLOBAL.GTID_PURGED=/*!80000 '+'*/ 'dea31137-b3f2-11f0-9e6e-e4c7676f1949:1-12051';

--
-- Table structure for table `course`
--

DROP TABLE IF EXISTS `course`;
/*!40101 SET @saved_cs_client     = @@character_set_client */;
/*!50503 SET character_set_client = utf8mb4 */;
CREATE TABLE `course` (
  `course_id` int NOT NULL AUTO_INCREMENT,
  `course_code` varchar(20) NOT NULL COMMENT '课程编码',
  `course_name` varchar(100) NOT NULL COMMENT '课程名称',
  `program_id` int NOT NULL COMMENT '所属培训计划',
  `course_type_id` int NOT NULL COMMENT '课程类型',
  `major_id` int NOT NULL COMMENT '所属专业',
  `credit` decimal(3,1) NOT NULL COMMENT '学分',
  `total_hours` int NOT NULL COMMENT '总学时',
  `theory_hours` int NOT NULL COMMENT '理论学时',
  `experiment_hours` int NOT NULL COMMENT '实验学时',
  `design_hours` int NOT NULL DEFAULT '0' COMMENT '设计学时',
  `course_nature` varchar(20) NOT NULL COMMENT '课程性质',
  `exam_mark` varchar(10) DEFAULT NULL COMMENT '考核方式',
  `course_category` varchar(50) DEFAULT NULL COMMENT '课程类别',
  `description` text COMMENT '课程描述',
  `note` text COMMENT '备注',
  `create_time` datetime DEFAULT CURRENT_TIMESTAMP,
  `update_time` datetime DEFAULT CURRENT_TIMESTAMP ON UPDATE CURRENT_TIMESTAMP,
  PRIMARY KEY (`course_id`),
  UNIQUE KEY `course_code` (`course_code`),
  KEY `idx_course_program` (`program_id`),
  KEY `idx_course_type` (`course_type_id`),
  CONSTRAINT `course_ibfk_1` FOREIGN KEY (`program_id`) REFERENCES `training_program` (`program_id`) ON DELETE CASCADE,
  CONSTRAINT `course_ibfk_2` FOREIGN KEY (`course_type_id`) REFERENCES `course_type` (`type_id`) ON DELETE RESTRICT
) ENGINE=InnoDB AUTO_INCREMENT=43 DEFAULT CHARSET=utf8mb4 COLLATE=utf8mb4_0900_ai_ci COMMENT='课程信息';
/*!40101 SET character_set_client = @saved_cs_client */;

--
-- Dumping data for table `course`
--

LOCK TABLES `course` WRITE;
/*!40000 ALTER TABLE `course` DISABLE KEYS */;
INSERT INTO `course` VALUES (12,'11620101','计算机专业概论',1,4,1,1.0,16,12,4,0,'必修','无','专业基础课（C）','',NULL,'2025-12-29 14:16:02','2025-12-29 14:16:02'),(13,'10440043','电工及电子技术',1,4,1,3.0,48,32,16,0,'必修','无','专业基础课（C）','',NULL,'2025-12-29 14:16:02','2025-12-29 14:16:02'),(14,'11674403','算法设计与分析*',1,4,1,3.0,48,42,0,6,'必修','无','专业基础课（C）','',NULL,'2025-12-29 14:16:02','2025-12-29 14:16:02'),(15,'11674503','编译原理',1,4,1,3.0,48,42,0,6,'必修','无','专业基础课（C）','',NULL,'2025-12-29 14:16:02','2025-12-29 14:16:02'),(16,'11674712','数值分析',1,4,1,2.0,32,32,0,0,'必修','无','专业基础课（C）','',NULL,'2025-12-29 14:16:02','2025-12-29 14:16:02'),(17,'11674622','嵌入式系统C',1,4,1,2.0,32,24,8,0,'必修','J','专业基础课（C）','',NULL,'2025-12-29 14:16:02','2025-12-29 14:16:02'),(18,'11614512','软件工程',1,4,1,2.0,32,32,0,0,'必修','无','专业基础课（C）','',NULL,'2025-12-29 14:16:02','2025-12-29 14:16:02'),(19,'11670503','信号处理',1,4,1,3.0,48,40,0,8,'必修','J','专业基础课（C）','',NULL,'2025-12-29 14:16:02','2025-12-29 14:16:02'),(20,'11672402','人工智能数学基础',1,12,1,2.0,32,28,0,4,'必修','无','专业课（Z）','',NULL,'2025-12-29 14:16:02','2025-12-29 14:16:02'),(21,'11672503','机器学习',1,12,1,3.0,48,40,0,8,'必修','无','专业课（Z）','',NULL,'2025-12-29 14:16:02','2025-12-29 14:16:02'),(22,'11672612','计算机视觉',1,12,1,2.0,32,26,0,6,'必修','无','专业课（Z）','',NULL,'2025-12-29 14:16:02','2025-12-29 14:16:02'),(23,'11674303','Python语言程序设计',1,12,1,3.0,48,32,0,16,'必修','无','专业课（Z）','',NULL,'2025-12-29 14:16:02','2025-12-29 14:16:02'),(24,'11672702','智能移动机器人C',1,12,1,2.0,32,20,0,12,'必修','无','专业课（Z）','',NULL,'2025-12-29 14:16:02','2025-12-29 14:16:02'),(25,'11674202','人工智能导论',1,13,1,2.0,32,28,0,4,'任选','无','人工智能拓展（E）','',NULL,'2025-12-29 14:16:02','2025-12-29 14:16:02'),(26,'11610602','大数据导论',1,13,1,2.0,32,20,0,12,'任选','无','人工智能拓展（E）','',NULL,'2025-12-29 14:16:02','2025-12-29 14:16:02'),(27,'11670612','深度学习硬件实践',1,13,1,2.0,32,20,0,12,'任选','无','人工智能拓展（E）','',NULL,'2025-12-29 14:16:02','2025-12-29 14:16:02'),(28,'11690562','矩阵分析',1,13,1,2.0,32,32,0,0,'任选','无','人工智能拓展（E）','',NULL,'2025-12-29 14:16:02','2025-12-29 14:16:02'),(29,'11674513','数据挖掘*',1,13,1,3.0,48,40,0,8,'任选','无','人工智能拓展（E）','',NULL,'2025-12-29 14:16:02','2025-12-29 14:16:02'),(30,'11670702','量子计算导论',1,14,1,2.0,32,28,0,4,'任选','无','前沿计算（E）','',NULL,'2025-12-29 14:16:02','2025-12-29 14:16:02'),(31,'11674212','计算机前沿技术',1,14,1,2.0,32,32,0,0,'任选','无','前沿计算（E）','',NULL,'2025-12-29 14:16:02','2025-12-29 14:16:02'),(32,'11670602','区块链技术',1,14,1,2.0,32,24,0,8,'任选','无','前沿计算（E）','',NULL,'2025-12-29 14:16:02','2025-12-29 14:16:02'),(33,'11670502','复杂网络导论',1,14,1,2.0,32,32,0,0,'任选','无','前沿计算（E）','',NULL,'2025-12-29 14:16:02','2025-12-29 14:16:02'),(34,'11610502','物联网技术导论',1,15,1,2.0,32,24,0,8,'任选','无','未来网络（E）','',NULL,'2025-12-29 14:16:02','2025-12-29 14:16:02'),(35,'11674422','云计算与分布式系统',1,15,1,2.0,32,28,0,4,'任选','无','未来网络（E）','',NULL,'2025-12-29 14:16:02','2025-12-29 14:16:02'),(36,'11680522','网络安全技术',1,15,1,2.0,32,20,0,12,'任选','无','未来网络（E）','',NULL,'2025-12-29 14:16:02','2025-12-29 14:16:02'),(37,'11670302','三维动画建模K',1,16,1,2.0,32,4,0,28,'任选','k','交叉信息（E）','',NULL,'2025-12-29 14:16:02','2025-12-29 14:16:02'),(38,'11674512','知识图谱',1,16,1,2.0,32,26,0,6,'任选','无','交叉信息（E）','',NULL,'2025-12-29 14:16:02','2025-12-29 14:16:02'),(39,'11650703','次世代建模c',1,16,1,3.0,45,15,0,30,'任选','无','交叉信息（E）','',NULL,'2025-12-29 14:16:02','2025-12-29 14:16:02'),(40,'11620301','数据库原理与应用',1,1,1,3.0,48,32,16,0,'必修',NULL,NULL,NULL,NULL,'2025-12-29 15:52:22','2025-12-29 15:52:22');
/*!40000 ALTER TABLE `course` ENABLE KEYS */;
UNLOCK TABLES;

--
-- Table structure for table `course_schedule`
--

DROP TABLE IF EXISTS `course_schedule`;
/*!40101 SET @saved_cs_client     = @@character_set_client */;
/*!50503 SET character_set_client = utf8mb4 */;
CREATE TABLE `course_schedule` (
  `schedule_id` int NOT NULL AUTO_INCREMENT,
  `course_id` int NOT NULL COMMENT '课程ID',
  `semester_id` int NOT NULL COMMENT '学期ID',
  `week_day` int NOT NULL COMMENT '星期几（1-7）',
  `class_section` int NOT NULL COMMENT '第几节课（1-10）',
  `start_time` varchar(10) NOT NULL COMMENT '开始时间',
  `end_time` varchar(10) NOT NULL COMMENT '结束时间',
  `classroom` varchar(50) NOT NULL COMMENT '教室',
  `teacher` varchar(50) NOT NULL COMMENT '授课教师',
  `class_name` varchar(100) NOT NULL COMMENT '班级名称',
  `create_time` datetime DEFAULT CURRENT_TIMESTAMP,
  `update_time` datetime DEFAULT CURRENT_TIMESTAMP ON UPDATE CURRENT_TIMESTAMP,
  PRIMARY KEY (`schedule_id`),
  KEY `course_id` (`course_id`),
  KEY `semester_id` (`semester_id`),
  CONSTRAINT `course_schedule_ibfk_1` FOREIGN KEY (`course_id`) REFERENCES `course` (`course_id`) ON DELETE CASCADE ON UPDATE CASCADE,
  CONSTRAINT `course_schedule_ibfk_2` FOREIGN KEY (`semester_id`) REFERENCES `semester` (`semester_id`) ON DELETE CASCADE ON UPDATE CASCADE
) ENGINE=InnoDB AUTO_INCREMENT=25 DEFAULT CHARSET=utf8mb4 COLLATE=utf8mb4_0900_ai_ci;
/*!40101 SET character_set_client = @saved_cs_client */;

--
-- Dumping data for table `course_schedule`
--

LOCK TABLES `course_schedule` WRITE;
/*!40000 ALTER TABLE `course_schedule` DISABLE KEYS */;
INSERT INTO `course_schedule` VALUES (16,12,15,1,1,'08:00','08:45','教学楼A101','李老师','计算机科学与技术1班','2025-12-29 19:08:05','2025-12-29 19:08:05'),(17,13,15,1,2,'08:55','09:40','教学楼A101','王老师','计算机科学与技术1班','2025-12-29 19:08:05','2025-12-29 19:08:05'),(18,14,15,2,3,'10:00','10:45','教学楼B202','张老师','计算机科学与技术1班','2025-12-29 19:08:05','2025-12-29 19:08:05'),(19,12,15,3,1,'08:00','08:45','教学楼A101','李老师','计算机科学与技术2班','2025-12-29 19:08:05','2025-12-29 19:08:05'),(20,13,15,3,2,'08:55','09:40','教学楼A101','王老师','计算机科学与技术2班','2025-12-29 19:08:05','2025-12-29 19:08:05'),(21,14,15,4,3,'10:00','10:45','教学楼B202','张老师','计算机科学与技术2班','2025-12-29 19:08:05','2025-12-29 19:08:05'),(22,15,15,1,1,'08:00','08:45','教学楼A102','刘老师','软件工程1班','2025-12-29 19:08:05','2025-12-29 19:08:05'),(23,16,15,1,2,'08:55','09:40','教学楼A102','陈老师','软件工程1班','2025-12-29 19:08:05','2025-12-29 19:08:05'),(24,17,15,2,3,'10:00','10:45','教学楼B203','周老师','软件工程1班','2025-12-29 19:08:05','2025-12-29 19:08:05');
/*!40000 ALTER TABLE `course_schedule` ENABLE KEYS */;
UNLOCK TABLES;

--
-- Table structure for table `course_semester`
--

DROP TABLE IF EXISTS `course_semester`;
/*!40101 SET @saved_cs_client     = @@character_set_client */;
/*!50503 SET character_set_client = utf8mb4 */;
CREATE TABLE `course_semester` (
  `id` int NOT NULL AUTO_INCREMENT,
  `course_id` int NOT NULL,
  `semester_id` int NOT NULL,
  `create_time` datetime DEFAULT CURRENT_TIMESTAMP,
  `update_time` datetime DEFAULT CURRENT_TIMESTAMP ON UPDATE CURRENT_TIMESTAMP,
  PRIMARY KEY (`id`),
  UNIQUE KEY `uk_course_semester` (`course_id`,`semester_id`),
  KEY `semester_id` (`semester_id`),
  CONSTRAINT `course_semester_ibfk_1` FOREIGN KEY (`course_id`) REFERENCES `course` (`course_id`) ON DELETE CASCADE ON UPDATE CASCADE,
  CONSTRAINT `course_semester_ibfk_2` FOREIGN KEY (`semester_id`) REFERENCES `semester` (`semester_id`) ON DELETE CASCADE ON UPDATE CASCADE
) ENGINE=InnoDB DEFAULT CHARSET=utf8mb4 COLLATE=utf8mb4_0900_ai_ci;
/*!40101 SET character_set_client = @saved_cs_client */;

--
-- Dumping data for table `course_semester`
--

LOCK TABLES `course_semester` WRITE;
/*!40000 ALTER TABLE `course_semester` DISABLE KEYS */;
/*!40000 ALTER TABLE `course_semester` ENABLE KEYS */;
UNLOCK TABLES;

--
-- Table structure for table `course_stat`
--

DROP TABLE IF EXISTS `course_stat`;
/*!40101 SET @saved_cs_client     = @@character_set_client */;
/*!50503 SET character_set_client = utf8mb4 */;
CREATE TABLE `course_stat` (
  `stat_id` int NOT NULL AUTO_INCREMENT,
  `program_id` int NOT NULL COMMENT '培训计划ID',
  `course_type_id` int NOT NULL COMMENT '课程类型ID',
  `type_name` varchar(20) NOT NULL COMMENT '类型名称',
  `total_credit` decimal(5,1) NOT NULL DEFAULT '0.0' COMMENT '总学分',
  `total_hours` int NOT NULL DEFAULT '0' COMMENT '总学时',
  `total_theory_hours` int NOT NULL DEFAULT '0' COMMENT '总理论学时',
  `total_experiment_hours` int NOT NULL DEFAULT '0' COMMENT '总实验学时',
  `total_design_hours` int NOT NULL DEFAULT '0' COMMENT '总设计学时',
  `stat_time` datetime DEFAULT CURRENT_TIMESTAMP ON UPDATE CURRENT_TIMESTAMP,
  PRIMARY KEY (`stat_id`),
  KEY `program_id` (`program_id`),
  KEY `course_type_id` (`course_type_id`),
  CONSTRAINT `course_stat_ibfk_1` FOREIGN KEY (`program_id`) REFERENCES `training_program` (`program_id`) ON DELETE CASCADE,
  CONSTRAINT `course_stat_ibfk_2` FOREIGN KEY (`course_type_id`) REFERENCES `course_type` (`type_id`) ON DELETE RESTRICT
) ENGINE=InnoDB AUTO_INCREMENT=9 DEFAULT CHARSET=utf8mb4 COLLATE=utf8mb4_0900_ai_ci COMMENT='课程统计汇总';
/*!40101 SET character_set_client = @saved_cs_client */;

--
-- Dumping data for table `course_stat`
--

LOCK TABLES `course_stat` WRITE;
/*!40000 ALTER TABLE `course_stat` DISABLE KEYS */;
INSERT INTO `course_stat` VALUES (3,1,3,'通识必修课A',64.0,1155,1089,30,36,'2025-12-29 14:12:58'),(5,1,6,'学科基础课B',22.0,352,292,20,40,'2025-12-29 14:16:02'),(6,1,9,'专业基础课C',20.0,320,272,28,20,'2025-12-29 14:16:02'),(7,1,10,'专业课Z',12.0,192,146,0,46,'2025-12-29 14:16:02'),(8,1,11,'A+B+C+Z',118.0,2019,1799,78,142,'2025-12-29 14:16:02');
/*!40000 ALTER TABLE `course_stat` ENABLE KEYS */;
UNLOCK TABLES;

--
-- Table structure for table `course_type`
--

DROP TABLE IF EXISTS `course_type`;
/*!40101 SET @saved_cs_client     = @@character_set_client */;
/*!50503 SET character_set_client = utf8mb4 */;
CREATE TABLE `course_type` (
  `type_id` int NOT NULL AUTO_INCREMENT,
  `type_code` varchar(10) NOT NULL COMMENT '类型编码',
  `type_name` varchar(20) NOT NULL COMMENT '类型名称',
  `type_desc` varchar(100) DEFAULT NULL COMMENT '类型描述',
  `create_time` datetime DEFAULT CURRENT_TIMESTAMP,
  `update_time` datetime DEFAULT CURRENT_TIMESTAMP ON UPDATE CURRENT_TIMESTAMP,
  PRIMARY KEY (`type_id`),
  UNIQUE KEY `type_code` (`type_code`),
  UNIQUE KEY `type_name` (`type_name`)
) ENGINE=InnoDB AUTO_INCREMENT=17 DEFAULT CHARSET=utf8mb4 COLLATE=utf8mb4_0900_ai_ci COMMENT='课程类型字典';
/*!40101 SET character_set_client = @saved_cs_client */;

--
-- Dumping data for table `course_type`
--

LOCK TABLES `course_type` WRITE;
/*!40000 ALTER TABLE `course_type` DISABLE KEYS */;
INSERT INTO `course_type` VALUES (1,'1','必修课','必须学习的课程','2025-12-29 14:02:16','2025-12-29 14:02:16'),(2,'2','选修课','可选学习的课程','2025-12-29 14:02:16','2025-12-29 14:02:16'),(3,'TC06','通识必修课A','通识必修课A课程','2025-12-29 14:09:19','2025-12-29 14:09:19'),(4,'CC08','专业基础课（C）','专业基础课（C）课程','2025-12-29 14:09:19','2025-12-29 14:09:19'),(6,'TC05','学科基础课B','学科基础课B课程','2025-12-29 14:12:58','2025-12-29 14:12:58'),(9,'TC007','专业基础课C','专业基础课C课程','2025-12-29 14:16:02','2025-12-29 14:16:02'),(10,'TC010','专业课Z','专业课Z课程','2025-12-29 14:16:02','2025-12-29 14:16:02'),(11,'TC011','A+B+C+Z','A+B+C+Z课程','2025-12-29 14:16:02','2025-12-29 14:16:02'),(12,'TC012','专业课（Z）','专业课（Z）课程','2025-12-29 14:16:02','2025-12-29 14:16:02'),(13,'TC013','人工智能拓展（E）','人工智能拓展（E）课程','2025-12-29 14:16:02','2025-12-29 14:16:02'),(14,'TC014','前沿计算（E）','前沿计算（E）课程','2025-12-29 14:16:02','2025-12-29 14:16:02'),(15,'TC015','未来网络（E）','未来网络（E）课程','2025-12-29 14:16:02','2025-12-29 14:16:02'),(16,'TC016','交叉信息（E）','交叉信息（E）课程','2025-12-29 14:16:02','2025-12-29 14:16:02');
/*!40000 ALTER TABLE `course_type` ENABLE KEYS */;
UNLOCK TABLES;

--
-- Table structure for table `exam_paper`
--

DROP TABLE IF EXISTS `exam_paper`;
/*!40101 SET @saved_cs_client     = @@character_set_client */;
/*!50503 SET character_set_client = utf8mb4 */;
CREATE TABLE `exam_paper` (
  `paper_id` int NOT NULL AUTO_INCREMENT,
  `paper_name` varchar(100) NOT NULL,
  `course_id` int NOT NULL,
  `total_score` decimal(4,1) NOT NULL,
  `paper_type` varchar(20) NOT NULL,
  `create_time` datetime DEFAULT CURRENT_TIMESTAMP,
  `update_time` datetime DEFAULT CURRENT_TIMESTAMP ON UPDATE CURRENT_TIMESTAMP,
  PRIMARY KEY (`paper_id`),
  KEY `idx_paper_course` (`course_id`),
  CONSTRAINT `exam_paper_ibfk_1` FOREIGN KEY (`course_id`) REFERENCES `course` (`course_id`) ON DELETE CASCADE ON UPDATE CASCADE
) ENGINE=InnoDB AUTO_INCREMENT=20 DEFAULT CHARSET=utf8mb4 COLLATE=utf8mb4_0900_ai_ci;
/*!40101 SET character_set_client = @saved_cs_client */;

--
-- Dumping data for table `exam_paper`
--

LOCK TABLES `exam_paper` WRITE;
/*!40000 ALTER TABLE `exam_paper` DISABLE KEYS */;
/*!40000 ALTER TABLE `exam_paper` ENABLE KEYS */;
UNLOCK TABLES;

--
-- Table structure for table `exam_paper_backup`
--

DROP TABLE IF EXISTS `exam_paper_backup`;
/*!40101 SET @saved_cs_client     = @@character_set_client */;
/*!50503 SET character_set_client = utf8mb4 */;
CREATE TABLE `exam_paper_backup` (
  `paper_id` int NOT NULL DEFAULT '0',
  `paper_name` varchar(100) NOT NULL COMMENT '试卷名称',
  `program_id` int DEFAULT NULL,
  `total_score` decimal(5,1) NOT NULL COMMENT '总分',
  `create_teacher` varchar(30) NOT NULL COMMENT '创建教师',
  `create_time` datetime DEFAULT CURRENT_TIMESTAMP,
  `update_time` datetime DEFAULT CURRENT_TIMESTAMP ON UPDATE CURRENT_TIMESTAMP,
  `course_id` int DEFAULT NULL COMMENT '所属课程',
  `paper_type` varchar(20) NOT NULL DEFAULT '手动组卷'
) ENGINE=InnoDB DEFAULT CHARSET=utf8mb4 COLLATE=utf8mb4_0900_ai_ci;
/*!40101 SET character_set_client = @saved_cs_client */;

--
-- Dumping data for table `exam_paper_backup`
--

LOCK TABLES `exam_paper_backup` WRITE;
/*!40000 ALTER TABLE `exam_paper_backup` DISABLE KEYS */;
INSERT INTO `exam_paper_backup` VALUES (1,'????',NULL,100.0,'admin','2025-12-29 15:32:07','2025-12-29 15:32:07',1,'????'),(2,'????',NULL,100.0,'admin','2025-12-29 15:32:17','2025-12-29 15:32:17',1,'????'),(3,'??????',NULL,100.0,'admin','2025-12-29 15:40:10','2025-12-29 15:40:10',1,'????');
/*!40000 ALTER TABLE `exam_paper_backup` ENABLE KEYS */;
UNLOCK TABLES;

--
-- Table structure for table `exam_paper_question`
--

DROP TABLE IF EXISTS `exam_paper_question`;
/*!40101 SET @saved_cs_client     = @@character_set_client */;
/*!50503 SET character_set_client = utf8mb4 */;
CREATE TABLE `exam_paper_question` (
  `paper_question_id` int NOT NULL AUTO_INCREMENT,
  `paper_id` int NOT NULL,
  `question_id` int NOT NULL,
  `question_order` int NOT NULL,
  `create_time` datetime DEFAULT CURRENT_TIMESTAMP,
  `update_time` datetime DEFAULT CURRENT_TIMESTAMP ON UPDATE CURRENT_TIMESTAMP,
  PRIMARY KEY (`paper_question_id`),
  UNIQUE KEY `uk_paper_question` (`paper_id`,`question_id`),
  KEY `idx_paper_question_question` (`question_id`),
  CONSTRAINT `exam_paper_question_ibfk_1` FOREIGN KEY (`paper_id`) REFERENCES `exam_paper` (`paper_id`) ON DELETE CASCADE ON UPDATE CASCADE,
  CONSTRAINT `exam_paper_question_ibfk_2` FOREIGN KEY (`question_id`) REFERENCES `question` (`question_id`) ON DELETE CASCADE ON UPDATE CASCADE
) ENGINE=InnoDB AUTO_INCREMENT=9 DEFAULT CHARSET=utf8mb4 COLLATE=utf8mb4_0900_ai_ci;
/*!40101 SET character_set_client = @saved_cs_client */;

--
-- Dumping data for table `exam_paper_question`
--

LOCK TABLES `exam_paper_question` WRITE;
/*!40000 ALTER TABLE `exam_paper_question` DISABLE KEYS */;
/*!40000 ALTER TABLE `exam_paper_question` ENABLE KEYS */;
UNLOCK TABLES;

--
-- Table structure for table `exam_score_detail`
--

DROP TABLE IF EXISTS `exam_score_detail`;
/*!40101 SET @saved_cs_client     = @@character_set_client */;
/*!50503 SET character_set_client = utf8mb4 */;
CREATE TABLE `exam_score_detail` (
  `score_id` int NOT NULL AUTO_INCREMENT,
  `paper_id` int NOT NULL COMMENT '试卷ID',
  `student_id` int NOT NULL COMMENT '学生ID',
  `question_id` int NOT NULL COMMENT '试题ID',
  `kp_id` int NOT NULL COMMENT '知识点ID',
  `question_full_score` decimal(3,1) NOT NULL COMMENT '试题满分',
  `student_score` decimal(3,1) NOT NULL COMMENT '学生得分',
  `upload_time` datetime DEFAULT CURRENT_TIMESTAMP COMMENT '上传时间',
  PRIMARY KEY (`score_id`),
  KEY `question_id` (`question_id`),
  KEY `kp_id` (`kp_id`),
  KEY `idx_score_paper` (`paper_id`),
  KEY `idx_score_student` (`student_id`),
  CONSTRAINT `exam_score_detail_ibfk_1` FOREIGN KEY (`paper_id`) REFERENCES `exam_paper` (`paper_id`) ON DELETE CASCADE,
  CONSTRAINT `exam_score_detail_ibfk_2` FOREIGN KEY (`student_id`) REFERENCES `student` (`student_id`) ON DELETE CASCADE,
  CONSTRAINT `exam_score_detail_ibfk_3` FOREIGN KEY (`question_id`) REFERENCES `question_bank` (`question_id`) ON DELETE CASCADE,
  CONSTRAINT `exam_score_detail_ibfk_4` FOREIGN KEY (`kp_id`) REFERENCES `knowledge_point` (`kp_id`) ON DELETE CASCADE
) ENGINE=InnoDB DEFAULT CHARSET=utf8mb4 COLLATE=utf8mb4_0900_ai_ci COMMENT='考试成绩明细';
/*!40101 SET character_set_client = @saved_cs_client */;

--
-- Dumping data for table `exam_score_detail`
--

LOCK TABLES `exam_score_detail` WRITE;
/*!40000 ALTER TABLE `exam_score_detail` DISABLE KEYS */;
/*!40000 ALTER TABLE `exam_score_detail` ENABLE KEYS */;
UNLOCK TABLES;

--
-- Table structure for table `knowledge_point`
--

DROP TABLE IF EXISTS `knowledge_point`;
/*!40101 SET @saved_cs_client     = @@character_set_client */;
/*!50503 SET character_set_client = utf8mb4 */;
CREATE TABLE `knowledge_point` (
  `kp_id` int NOT NULL AUTO_INCREMENT,
  `kp_name` varchar(100) NOT NULL,
  `course_id` int NOT NULL,
  `parent_kp_id` int DEFAULT NULL,
  `description` text,
  `difficulty` varchar(20) DEFAULT '???',
  `create_time` datetime DEFAULT CURRENT_TIMESTAMP,
  `update_time` datetime DEFAULT CURRENT_TIMESTAMP ON UPDATE CURRENT_TIMESTAMP,
  PRIMARY KEY (`kp_id`),
  KEY `idx_kp_course` (`course_id`),
  KEY `idx_kp_parent` (`parent_kp_id`),
  KEY `idx_kp_name` (`kp_name`),
  CONSTRAINT `knowledge_point_ibfk_1` FOREIGN KEY (`course_id`) REFERENCES `course` (`course_id`) ON DELETE CASCADE ON UPDATE CASCADE,
  CONSTRAINT `knowledge_point_ibfk_2` FOREIGN KEY (`parent_kp_id`) REFERENCES `knowledge_point` (`kp_id`) ON DELETE SET NULL ON UPDATE CASCADE
) ENGINE=InnoDB AUTO_INCREMENT=1038 DEFAULT CHARSET=utf8mb4 COLLATE=utf8mb4_0900_ai_ci;
/*!40101 SET character_set_client = @saved_cs_client */;

--
-- Dumping data for table `knowledge_point`
--

LOCK TABLES `knowledge_point` WRITE;
/*!40000 ALTER TABLE `knowledge_point` DISABLE KEYS */;
INSERT INTO `knowledge_point` VALUES (473,'绪论',40,NULL,NULL,'中等','2025-12-29 16:33:07','2025-12-29 16:33:07'),(474,'数据库系统概述',40,473,NULL,'中等','2025-12-29 16:33:07','2025-12-29 16:33:07'),(475,'数据库的4个基本概念',40,474,NULL,'中等','2025-12-29 16:33:07','2025-12-29 16:33:07'),(476,'数据',40,475,NULL,'中等','2025-12-29 16:33:07','2025-12-29 16:33:07'),(477,'数据库',40,475,NULL,'中等','2025-12-29 16:33:07','2025-12-29 16:33:07'),(478,'数据库管理系统',40,475,NULL,'中等','2025-12-29 16:33:07','2025-12-29 16:33:07'),(479,'数据库系统',40,475,NULL,'中等','2025-12-29 16:33:07','2025-12-29 16:33:07'),(480,'数据管理技术的产生和发展',40,474,NULL,'中等','2025-12-29 16:33:07','2025-12-29 16:33:07'),(481,'数据模型',40,473,NULL,'中等','2025-12-29 16:33:07','2025-12-29 16:33:07'),(482,'数据建模',40,481,NULL,'中等','2025-12-29 16:33:07','2025-12-29 16:33:07'),(483,'概念模型',40,481,NULL,'中等','2025-12-29 16:33:07','2025-12-29 16:33:07'),(484,'数据模型的三要素',40,481,NULL,'中等','2025-12-29 16:33:07','2025-12-29 16:33:07'),(485,'层次模型',40,481,NULL,'中等','2025-12-29 16:33:07','2025-12-29 16:33:07'),(486,'网状模型',40,481,NULL,'中等','2025-12-29 16:33:07','2025-12-29 16:33:07'),(487,'关系模型',40,481,NULL,'中等','2025-12-29 16:33:07','2025-12-29 16:33:07'),(488,'关系数据模型',40,487,NULL,'中等','2025-12-29 16:33:07','2025-12-29 16:33:07'),(489,'数据库领域中不断涌现的数据模型',40,481,NULL,'中等','2025-12-29 16:33:07','2025-12-29 16:33:07'),(490,'数据库系统的三级模式结构',40,473,NULL,'中等','2025-12-29 16:33:07','2025-12-29 16:33:07'),(491,'数据库系统中模式的概念',40,490,NULL,'中等','2025-12-29 16:33:07','2025-12-29 16:33:07'),(492,'数据库系统的三级模式结构',40,490,NULL,'中等','2025-12-29 16:33:07','2025-12-29 16:33:07'),(493,'数据库的两级映像与数据独立性',40,492,NULL,'中等','2025-12-29 16:33:07','2025-12-29 16:33:07'),(494,'数据库系统的组成',40,473,NULL,'中等','2025-12-29 16:33:07','2025-12-29 16:33:07'),(495,'数据库系统的体系结构',40,473,NULL,'中等','2025-12-29 16:33:07','2025-12-29 16:33:07'),(496,'关系模型',40,NULL,NULL,'中等','2025-12-29 16:33:07','2025-12-29 16:33:07'),(497,'关系模型的数据结构及形式化',40,496,NULL,'中等','2025-12-29 16:33:07','2025-12-29 16:33:07'),(498,'关系',40,497,NULL,'中等','2025-12-29 16:33:07','2025-12-29 16:33:07'),(499,'关系模式',40,497,NULL,'中等','2025-12-29 16:33:07','2025-12-29 16:33:07'),(500,'关系数据库',40,497,NULL,'中等','2025-12-29 16:33:07','2025-12-29 16:33:07'),(501,'关系模型的存储结构',40,497,NULL,'中等','2025-12-29 16:33:07','2025-12-29 16:33:07'),(502,'关系操作',40,496,NULL,'中等','2025-12-29 16:33:07','2025-12-29 16:33:07'),(503,'基本的关系操作',40,502,NULL,'中等','2025-12-29 16:33:07','2025-12-29 16:33:07'),(504,'关系数据语言的分类',40,502,NULL,'中等','2025-12-29 16:33:07','2025-12-29 16:33:07'),(505,'关系的完整性',40,496,NULL,'中等','2025-12-29 16:33:07','2025-12-29 16:33:07'),(506,'实体完整性',40,505,NULL,'中等','2025-12-29 16:33:07','2025-12-29 16:33:07'),(507,'参照完整性',40,505,NULL,'中等','2025-12-29 16:33:07','2025-12-29 16:33:07'),(508,'用户定义的完整性',40,505,NULL,'中等','2025-12-29 16:33:07','2025-12-29 16:33:07'),(509,'关系代数',40,496,NULL,'中等','2025-12-29 16:33:07','2025-12-29 16:33:07'),(510,'传统的集合运算',40,509,NULL,'中等','2025-12-29 16:33:07','2025-12-29 16:33:07'),(511,'专门的关系运算',40,509,NULL,'中等','2025-12-29 16:33:07','2025-12-29 16:33:07'),(512,'关系演算',40,496,NULL,'中等','2025-12-29 16:33:07','2025-12-29 16:33:07'),(513,'元组关系演算语言ALPHA',40,512,NULL,'中等','2025-12-29 16:33:07','2025-12-29 16:33:07'),(514,'域关系演算语言QBE',40,512,NULL,'中等','2025-12-29 16:33:07','2025-12-29 16:33:07'),(515,'关系数据库标准语言SQL',40,NULL,NULL,'中等','2025-12-29 16:33:07','2025-12-29 16:33:07'),(516,'SQL概述',40,515,NULL,'中等','2025-12-29 16:33:07','2025-12-29 16:33:07'),(517,'SQL的产生与发展',40,516,NULL,'中等','2025-12-29 16:33:07','2025-12-29 16:33:07'),(518,'SQL的特点',40,516,NULL,'中等','2025-12-29 16:33:07','2025-12-29 16:33:07'),(519,'SQL的基本概念',40,516,NULL,'中等','2025-12-29 16:33:07','2025-12-29 16:33:07'),(520,'数据定义',40,515,NULL,'中等','2025-12-29 16:33:07','2025-12-29 16:33:07'),(521,'模式的定义与删除',40,520,NULL,'中等','2025-12-29 16:33:07','2025-12-29 16:33:07'),(522,'基本表的定义、 删除与修改',40,520,NULL,'中等','2025-12-29 16:33:07','2025-12-29 16:33:07'),(523,'索引的建立与删除',40,520,NULL,'中等','2025-12-29 16:33:07','2025-12-29 16:33:07'),(524,'数据字典',40,520,NULL,'中等','2025-12-29 16:33:07','2025-12-29 16:33:07'),(525,'数据查询',40,515,NULL,'中等','2025-12-29 16:33:07','2025-12-29 16:33:07'),(526,'单表查询',40,525,NULL,'中等','2025-12-29 16:33:07','2025-12-29 16:33:07'),(527,'连接查询',40,525,NULL,'中等','2025-12-29 16:33:07','2025-12-29 16:33:07'),(528,'嵌套查询',40,525,NULL,'中等','2025-12-29 16:33:07','2025-12-29 16:33:07'),(529,'集合查询',40,525,NULL,'中等','2025-12-29 16:33:07','2025-12-29 16:33:07'),(530,'基于派生表的查询',40,525,NULL,'中等','2025-12-29 16:33:07','2025-12-29 16:33:07'),(531,'数据更新',40,515,NULL,'中等','2025-12-29 16:33:07','2025-12-29 16:33:07'),(532,'插入数据',40,531,NULL,'中等','2025-12-29 16:33:07','2025-12-29 16:33:07'),(533,'修改数据',40,531,NULL,'中等','2025-12-29 16:33:07','2025-12-29 16:33:07'),(534,'删除数据',40,531,NULL,'中等','2025-12-29 16:33:07','2025-12-29 16:33:07'),(535,'空值的处理',40,515,NULL,'中等','2025-12-29 16:33:07','2025-12-29 16:33:07'),(536,'视图',40,515,NULL,'中等','2025-12-29 16:33:07','2025-12-29 16:33:07'),(537,'定义视图',40,536,NULL,'中等','2025-12-29 16:33:07','2025-12-29 16:33:07'),(538,'查询视图',40,536,NULL,'中等','2025-12-29 16:33:07','2025-12-29 16:33:07'),(539,'更新视图',40,536,NULL,'中等','2025-12-29 16:33:07','2025-12-29 16:33:07'),(540,'视图的作用',40,536,NULL,'中等','2025-12-29 16:33:07','2025-12-29 16:33:07'),(541,'数据库安全性',40,NULL,NULL,'中等','2025-12-29 16:33:07','2025-12-29 16:33:07'),(542,'数据库安全性概述',40,541,NULL,'中等','2025-12-29 16:33:07','2025-12-29 16:33:07'),(543,'数据库的不安全因素',40,542,NULL,'中等','2025-12-29 16:33:07','2025-12-29 16:33:07'),(544,'安全标准简介',40,542,NULL,'中等','2025-12-29 16:33:07','2025-12-29 16:33:07'),(545,'数据库安全性控制',40,541,NULL,'中等','2025-12-29 16:33:07','2025-12-29 16:33:07'),(546,'用户身份鉴别',40,545,NULL,'中等','2025-12-29 16:33:07','2025-12-29 16:33:07'),(547,'存取控制',40,545,NULL,'中等','2025-12-29 16:33:07','2025-12-29 16:33:07'),(548,'自主存取控制方法',40,545,NULL,'中等','2025-12-29 16:33:07','2025-12-29 16:33:07'),(549,'授予与收回对数据的操作权限',40,545,NULL,'中等','2025-12-29 16:33:07','2025-12-29 16:33:07'),(550,'数据库角色',40,545,NULL,'中等','2025-12-29 16:33:07','2025-12-29 16:33:07'),(551,'强制存取控制方法',40,545,NULL,'中等','2025-12-29 16:33:07','2025-12-29 16:33:07'),(552,'视图机制',40,541,NULL,'中等','2025-12-29 16:33:07','2025-12-29 16:33:07'),(553,'审计',40,541,NULL,'中等','2025-12-29 16:33:07','2025-12-29 16:33:07'),(554,'数据加密',40,541,NULL,'中等','2025-12-29 16:33:07','2025-12-29 16:33:07'),(555,'其他安全性保护',40,541,NULL,'中等','2025-12-29 16:33:07','2025-12-29 16:33:07'),(556,'数据库完整性',40,NULL,NULL,'中等','2025-12-29 16:33:07','2025-12-29 16:33:07'),(557,'数据库完整性概述',40,556,NULL,'中等','2025-12-29 16:33:07','2025-12-29 16:33:07'),(558,'实体完整性',40,556,NULL,'中等','2025-12-29 16:33:07','2025-12-29 16:33:07'),(559,'定义实体完整性',40,558,NULL,'中等','2025-12-29 16:33:07','2025-12-29 16:33:07'),(560,'实体完整性检查和违约处理',40,558,NULL,'中等','2025-12-29 16:33:07','2025-12-29 16:33:07'),(561,'参照完整性',40,556,NULL,'中等','2025-12-29 16:33:07','2025-12-29 16:33:07'),(562,'定义参照完整性',40,561,NULL,'中等','2025-12-29 16:33:07','2025-12-29 16:33:07'),(563,'参照完整性检查和违约处理',40,561,NULL,'中等','2025-12-29 16:33:07','2025-12-29 16:33:07'),(564,'用户定义的完整性',40,556,NULL,'中等','2025-12-29 16:33:07','2025-12-29 16:33:07'),(565,'属性上的约束',40,564,NULL,'中等','2025-12-29 16:33:07','2025-12-29 16:33:07'),(566,'元组上的约束',40,564,NULL,'中等','2025-12-29 16:33:07','2025-12-29 16:33:07'),(567,'完整性约束命名子句',40,556,NULL,'中等','2025-12-29 16:33:07','2025-12-29 16:33:07'),(568,'域的完整性限制',40,556,NULL,'中等','2025-12-29 16:33:07','2025-12-29 16:33:07'),(569,'触发器',40,556,NULL,'中等','2025-12-29 16:33:07','2025-12-29 16:33:07'),(570,'定义触发器',40,569,NULL,'中等','2025-12-29 16:33:07','2025-12-29 16:33:07'),(571,'执行触发器',40,569,NULL,'中等','2025-12-29 16:33:07','2025-12-29 16:33:07'),(572,'删除触发器',40,569,NULL,'中等','2025-12-29 16:33:07','2025-12-29 16:33:07'),(573,'关系数据理论',40,NULL,NULL,'中等','2025-12-29 16:33:07','2025-12-29 16:33:07'),(574,'问题的提出',40,573,NULL,'中等','2025-12-29 16:33:07','2025-12-29 16:33:07'),(575,'规范化',40,573,NULL,'中等','2025-12-29 16:33:07','2025-12-29 16:33:07'),(576,'函数依赖',40,575,NULL,'中等','2025-12-29 16:33:07','2025-12-29 16:33:07'),(577,'码',40,575,NULL,'中等','2025-12-29 16:33:07','2025-12-29 16:33:07'),(578,'范式',40,575,NULL,'中等','2025-12-29 16:33:07','2025-12-29 16:33:07'),(579,'2NF',40,575,NULL,'中等','2025-12-29 16:33:07','2025-12-29 16:33:07'),(580,'3NF',40,575,NULL,'中等','2025-12-29 16:33:07','2025-12-29 16:33:07'),(581,'BCNF',40,575,NULL,'中等','2025-12-29 16:33:07','2025-12-29 16:33:07'),(582,'多值依赖',40,575,NULL,'中等','2025-12-29 16:33:07','2025-12-29 16:33:07'),(583,'4NF',40,575,NULL,'中等','2025-12-29 16:33:07','2025-12-29 16:33:07'),(584,'数据依赖的公理系统',40,573,NULL,'中等','2025-12-29 16:33:07','2025-12-29 16:33:07'),(585,'保持函数依赖的模式分解',40,573,NULL,'中等','2025-12-29 16:33:07','2025-12-29 16:33:07'),(586,'无损连接的模式分解',40,573,NULL,'中等','2025-12-29 16:33:07','2025-12-29 16:33:07'),(587,'无损连接的模式分解定义',40,586,NULL,'中等','2025-12-29 16:33:07','2025-12-29 16:33:07'),(588,'无损连接的模式分解与保持函数依赖的模式分解之间的关系',40,586,NULL,'中等','2025-12-29 16:33:07','2025-12-29 16:33:07'),(589,'既无损连接又保持函数依赖的模式分解算法',40,586,NULL,'中等','2025-12-29 16:33:07','2025-12-29 16:33:07'),(590,'无损连接的模式分解算法',40,586,NULL,'中等','2025-12-29 16:33:07','2025-12-29 16:33:07'),(591,'数据库设计',40,NULL,NULL,'中等','2025-12-29 16:33:07','2025-12-29 16:33:07'),(592,'数据库设计概述',40,591,NULL,'中等','2025-12-29 16:33:07','2025-12-29 16:33:07'),(593,'数据库设计的特点',40,592,NULL,'中等','2025-12-29 16:33:07','2025-12-29 16:33:07'),(594,'数据库设计的方法',40,592,NULL,'中等','2025-12-29 16:33:07','2025-12-29 16:33:07'),(595,'数据库设计的基本步骤',40,592,NULL,'中等','2025-12-29 16:33:07','2025-12-29 16:33:07'),(596,'数据库设计过程中的各级模式',40,592,NULL,'中等','2025-12-29 16:33:07','2025-12-29 16:33:07'),(597,'需求分析',40,591,NULL,'中等','2025-12-29 16:33:07','2025-12-29 16:33:07'),(598,'需求分析的任务',40,597,NULL,'中等','2025-12-29 16:33:07','2025-12-29 16:33:07'),(599,'需求分析的方法',40,597,NULL,'中等','2025-12-29 16:33:07','2025-12-29 16:33:07'),(600,'数据字典',40,597,NULL,'中等','2025-12-29 16:33:07','2025-12-29 16:33:07'),(601,'概念结构设计',40,591,NULL,'中等','2025-12-29 16:33:07','2025-12-29 16:33:07'),(602,'概念模型',40,601,NULL,'中等','2025-12-29 16:33:07','2025-12-29 16:33:07'),(603,'E-R模型',40,601,NULL,'中等','2025-12-29 16:33:07','2025-12-29 16:33:07'),(604,'扩展的E-R 模型',40,601,NULL,'中等','2025-12-29 16:33:07','2025-12-29 16:33:07'),(605,'用 UML中的类图表示E-R图',40,601,NULL,'中等','2025-12-29 16:33:07','2025-12-29 16:33:07'),(606,'用E-R图进行概念结构设计',40,601,NULL,'中等','2025-12-29 16:33:07','2025-12-29 16:33:07'),(607,'逻辑结构设计',40,591,NULL,'中等','2025-12-29 16:33:07','2025-12-29 16:33:07'),(608,'E-R图向关系模型的转换',40,607,NULL,'中等','2025-12-29 16:33:07','2025-12-29 16:33:07'),(609,'数据模型的优化',40,607,NULL,'中等','2025-12-29 16:33:07','2025-12-29 16:33:07'),(610,'设计用户外模式',40,607,NULL,'中等','2025-12-29 16:33:07','2025-12-29 16:33:07'),(611,'物理结构设计',40,591,NULL,'中等','2025-12-29 16:33:07','2025-12-29 16:33:07'),(612,'数据库物理结构设计的内容和方法',40,611,NULL,'中等','2025-12-29 16:33:07','2025-12-29 16:33:07'),(613,'选择关系模式存取方法',40,611,NULL,'中等','2025-12-29 16:33:07','2025-12-29 16:33:07'),(614,'确定数据库的存储结构',40,611,NULL,'中等','2025-12-29 16:33:07','2025-12-29 16:33:07'),(615,'评价数据库的物理结构',40,611,NULL,'中等','2025-12-29 16:33:07','2025-12-29 16:33:07'),(616,'数据库的实施和维护',40,591,NULL,'中等','2025-12-29 16:33:07','2025-12-29 16:33:07'),(617,'数据的载入和应用程序的编码与调试',40,616,NULL,'中等','2025-12-29 16:33:07','2025-12-29 16:33:07'),(618,'数据库的试运行',40,616,NULL,'中等','2025-12-29 16:33:07','2025-12-29 16:33:07'),(619,'数据库的运行和维护',40,616,NULL,'中等','2025-12-29 16:33:07','2025-12-29 16:33:07'),(620,'数据库编程',40,NULL,NULL,'中等','2025-12-29 16:33:07','2025-12-29 16:33:07'),(621,'概述',40,620,NULL,'中等','2025-12-29 16:33:07','2025-12-29 16:33:07'),(622,'SQL表达能力的限制',40,621,NULL,'中等','2025-12-29 16:33:07','2025-12-29 16:33:07'),(623,'扩展SQL的功能',40,621,NULL,'中等','2025-12-29 16:33:07','2025-12-29 16:33:07'),(624,'通过高级语言实现复杂应用',40,621,NULL,'中等','2025-12-29 16:33:07','2025-12-29 16:33:07'),(625,'过程化SQL',40,620,NULL,'中等','2025-12-29 16:33:07','2025-12-29 16:33:07'),(626,'过程化SQL的块结构',40,625,NULL,'中等','2025-12-29 16:33:07','2025-12-29 16:33:07'),(627,'变量和常量的定义',40,625,NULL,'中等','2025-12-29 16:33:07','2025-12-29 16:33:07'),(628,'流程控制',40,625,NULL,'中等','2025-12-29 16:33:07','2025-12-29 16:33:07'),(629,'游标的定义与使用',40,625,NULL,'中等','2025-12-29 16:33:07','2025-12-29 16:33:07'),(630,'存储过程',40,625,NULL,'中等','2025-12-29 16:33:07','2025-12-29 16:33:07'),(631,'存储函数',40,625,NULL,'中等','2025-12-29 16:33:07','2025-12-29 16:33:07'),(632,'JDBC编程',40,620,NULL,'中等','2025-12-29 16:33:07','2025-12-29 16:33:07'),(633,'JDBC工作原理概述',40,632,NULL,'中等','2025-12-29 16:33:07','2025-12-29 16:33:07'),(634,'JDBC APIs基础',40,632,NULL,'中等','2025-12-29 16:33:07','2025-12-29 16:33:07'),(635,'使用JDBC操纵数据库的工作流程',40,632,NULL,'中等','2025-12-29 16:33:07','2025-12-29 16:33:07'),(636,'基于MVC框架的数据库应用开发',40,632,NULL,'中等','2025-12-29 16:33:07','2025-12-29 16:33:07'),(637,'数据库恢复技术',40,NULL,NULL,'中等','2025-12-29 16:33:07','2025-12-29 16:33:07'),(638,'事务的基本概念',40,637,NULL,'中等','2025-12-29 16:33:07','2025-12-29 16:33:07'),(639,'数据库恢复概述',40,637,NULL,'中等','2025-12-29 16:33:07','2025-12-29 16:33:07'),(640,'故障的种类',40,637,NULL,'中等','2025-12-29 16:33:07','2025-12-29 16:33:07'),(641,'恢复的实现技术',40,637,NULL,'中等','2025-12-29 16:33:07','2025-12-29 16:33:07'),(642,'数据转储',40,641,NULL,'中等','2025-12-29 16:33:07','2025-12-29 16:33:07'),(643,'登记日志文件',40,641,NULL,'中等','2025-12-29 16:33:07','2025-12-29 16:33:07'),(644,'恢复策略',40,637,NULL,'中等','2025-12-29 16:33:07','2025-12-29 16:33:07'),(645,'具有检查点的恢复技术',40,637,NULL,'中等','2025-12-29 16:33:07','2025-12-29 16:33:07'),(646,'数据库镜像',40,637,NULL,'中等','2025-12-29 16:33:07','2025-12-29 16:33:07'),(647,'并发控制',40,NULL,NULL,'中等','2025-12-29 16:33:07','2025-12-29 16:33:07'),(648,'并发控制概述',40,647,NULL,'中等','2025-12-29 16:33:07','2025-12-29 16:33:07'),(649,'事务的隔离级别',40,647,NULL,'中等','2025-12-29 16:33:07','2025-12-29 16:33:07'),(650,'封锁',40,647,NULL,'中等','2025-12-29 16:33:07','2025-12-29 16:33:07'),(651,'封锁协议',40,647,NULL,'中等','2025-12-29 16:33:07','2025-12-29 16:33:07'),(652,'活锁和死锁',40,647,NULL,'中等','2025-12-29 16:33:07','2025-12-29 16:33:07'),(653,'活锁',40,652,NULL,'中等','2025-12-29 16:33:07','2025-12-29 16:33:07'),(654,'死锁',40,652,NULL,'中等','2025-12-29 16:33:07','2025-12-29 16:33:07'),(655,'并发调度的可串行性',40,647,NULL,'中等','2025-12-29 16:33:07','2025-12-29 16:33:07'),(656,'可串行化调度',40,655,NULL,'中等','2025-12-29 16:33:07','2025-12-29 16:33:07'),(657,'冲突可串行化调度',40,655,NULL,'中等','2025-12-29 16:33:07','2025-12-29 16:33:07'),(658,'两段锁协议',40,647,NULL,'中等','2025-12-29 16:33:07','2025-12-29 16:33:07'),(659,'封锁的粒度',40,647,NULL,'中等','2025-12-29 16:33:07','2025-12-29 16:33:07'),(660,'多粒度封锁',40,659,NULL,'中等','2025-12-29 16:33:07','2025-12-29 16:33:07'),(661,'意向锁',40,659,NULL,'中等','2025-12-29 16:33:07','2025-12-29 16:33:07'),(662,'其他并发控制机制',40,647,NULL,'中等','2025-12-29 16:33:07','2025-12-29 16:33:07'),(663,'多版本并发控制方法',40,662,NULL,'中等','2025-12-29 16:33:07','2025-12-29 16:33:07'),(664,'改进的多版本并发控制方法',40,662,NULL,'中等','2025-12-29 16:33:07','2025-12-29 16:33:07'),(665,'关系数据库存储管理',40,NULL,NULL,'中等','2025-12-29 16:33:07','2025-12-29 16:33:07'),(666,'数据组织',40,665,NULL,'中等','2025-12-29 16:33:07','2025-12-29 16:33:07'),(667,'数据库的逻辑组织方式与物理组织方式',40,666,NULL,'中等','2025-12-29 16:33:07','2025-12-29 16:33:07'),(668,'记录表示',40,666,NULL,'中等','2025-12-29 16:33:07','2025-12-29 16:33:07'),(669,'块的组织',40,666,NULL,'中等','2025-12-29 16:33:07','2025-12-29 16:33:07'),(670,'关系表的组织',40,666,NULL,'中等','2025-12-29 16:33:07','2025-12-29 16:33:07'),(671,'索引结构',40,665,NULL,'中等','2025-12-29 16:33:07','2025-12-29 16:33:07'),(672,'顺序表索引',40,671,NULL,'中等','2025-12-29 16:33:07','2025-12-29 16:33:07'),(673,'辅助索引',40,671,NULL,'中等','2025-12-29 16:33:07','2025-12-29 16:33:07'),(674,'B+树索引',40,671,NULL,'中等','2025-12-29 16:33:07','2025-12-29 16:33:07'),(675,'哈希索引',40,671,NULL,'中等','2025-12-29 16:33:07','2025-12-29 16:33:07'),(676,'位图索引',40,671,NULL,'中等','2025-12-29 16:33:07','2025-12-29 16:33:07'),(677,'关系查询处理和查询优化',40,NULL,NULL,'中等','2025-12-29 16:33:07','2025-12-29 16:33:07'),(678,'关系数据库管理系统的查询处理',40,677,NULL,'中等','2025-12-29 16:33:07','2025-12-29 16:33:07'),(679,'查询处理步骤',40,678,NULL,'中等','2025-12-29 16:33:07','2025-12-29 16:33:07'),(680,'实现查询操作的算法',40,678,NULL,'中等','2025-12-29 16:33:07','2025-12-29 16:33:07'),(681,'关系数据库管理系统的查询优化',40,677,NULL,'中等','2025-12-29 16:33:07','2025-12-29 16:33:07'),(682,'查询优化概述',40,681,NULL,'中等','2025-12-29 16:33:07','2025-12-29 16:33:07'),(683,'代数优化',40,677,NULL,'中等','2025-12-29 16:33:07','2025-12-29 16:33:07'),(684,'关系代数表达式等价变换规则',40,683,NULL,'中等','2025-12-29 16:33:07','2025-12-29 16:33:07'),(685,'语法树的启发式优化',40,683,NULL,'中等','2025-12-29 16:33:07','2025-12-29 16:33:07'),(686,'物理优化',40,677,NULL,'中等','2025-12-29 16:33:07','2025-12-29 16:33:07'),(687,'基于启发式规则的优化',40,686,NULL,'中等','2025-12-29 16:33:07','2025-12-29 16:33:07'),(688,'基于代价估算的优化',40,686,NULL,'中等','2025-12-29 16:33:07','2025-12-29 16:33:07'),(689,'查询计划的执行',40,677,NULL,'中等','2025-12-29 16:33:07','2025-12-29 16:33:07'),(690,'数据库管理系统概述',40,NULL,NULL,'中等','2025-12-29 16:33:07','2025-12-29 16:33:07'),(691,'数据库管理系统的基本功能',40,690,NULL,'中等','2025-12-29 16:33:07','2025-12-29 16:33:07'),(692,'数据库管理系统的系统结构',40,690,NULL,'中等','2025-12-29 16:33:07','2025-12-29 16:33:07'),(693,'数据库管理系统的层次结构',40,692,NULL,'中等','2025-12-29 16:33:07','2025-12-29 16:33:07'),(694,'关系数据库管理系统的运行过程示例',40,692,NULL,'中等','2025-12-29 16:33:07','2025-12-29 16:33:07'),(695,'语言处理层',40,690,NULL,'中等','2025-12-29 16:33:07','2025-12-29 16:33:07'),(696,'数据存取层',40,690,NULL,'中等','2025-12-29 16:33:07','2025-12-29 16:33:07'),(697,'数据存取层的系统结构',40,696,NULL,'中等','2025-12-29 16:33:07','2025-12-29 16:33:07'),(698,'数据存取层的功能子系统',40,696,NULL,'中等','2025-12-29 16:33:07','2025-12-29 16:33:07'),(699,'缓冲区管理',40,690,NULL,'中等','2025-12-29 16:33:07','2025-12-29 16:33:07'),(700,'数据库的物理组织',40,690,NULL,'中等','2025-12-29 16:33:07','2025-12-29 16:33:07'),(701,'课程概述',12,NULL,'计算机专业概论课程的基本介绍和学习目标','简单','2025-12-29 16:34:56','2025-12-29 16:34:56'),(702,'课程简介',12,701,'计算机专业概论的课程背景和发展历程','简单','2025-12-29 16:34:56','2025-12-29 16:34:56'),(703,'学习目标',12,701,'计算机专业概论的学习目标和预期成果','简单','2025-12-29 16:34:56','2025-12-29 16:34:56'),(704,'课程结构',12,701,'计算机专业概论的课程内容结构和安排','简单','2025-12-29 16:34:56','2025-12-29 16:34:56'),(705,'核心概念',12,NULL,'计算机专业概论的核心概念和基本原理','中等','2025-12-29 16:34:56','2025-12-29 16:34:56'),(706,'基本概念',12,705,'计算机专业概论的基本概念和定义','中等','2025-12-29 16:34:56','2025-12-29 16:34:56'),(707,'核心原理',12,705,'计算机专业概论的核心原理和机制','中等','2025-12-29 16:34:56','2025-12-29 16:34:56'),(708,'关键技术',12,705,'计算机专业概论的关键技术和方法','中等','2025-12-29 16:34:56','2025-12-29 16:34:56'),(709,'实践应用',12,NULL,'计算机专业概论的实践应用和案例分析','困难','2025-12-29 16:34:56','2025-12-29 16:34:56'),(710,'实验指导',12,709,'计算机专业概论的实验操作指导','困难','2025-12-29 16:34:56','2025-12-29 16:34:56'),(711,'案例分析',12,709,'计算机专业概论的实际应用案例分析','困难','2025-12-29 16:34:56','2025-12-29 16:34:56'),(712,'项目实践',12,709,'计算机专业概论的项目实践和综合应用','困难','2025-12-29 16:34:56','2025-12-29 16:34:56'),(713,'课程概述',13,NULL,'电工及电子技术课程的基本介绍和学习目标','简单','2025-12-29 16:34:56','2025-12-29 16:34:56'),(714,'课程简介',13,713,'电工及电子技术的课程背景和发展历程','简单','2025-12-29 16:34:56','2025-12-29 16:34:56'),(715,'学习目标',13,713,'电工及电子技术的学习目标和预期成果','简单','2025-12-29 16:34:56','2025-12-29 16:34:56'),(716,'课程结构',13,713,'电工及电子技术的课程内容结构和安排','简单','2025-12-29 16:34:56','2025-12-29 16:34:56'),(717,'核心概念',13,NULL,'电工及电子技术的核心概念和基本原理','中等','2025-12-29 16:34:56','2025-12-29 16:34:56'),(718,'基本概念',13,717,'电工及电子技术的基本概念和定义','中等','2025-12-29 16:34:56','2025-12-29 16:34:56'),(719,'核心原理',13,717,'电工及电子技术的核心原理和机制','中等','2025-12-29 16:34:56','2025-12-29 16:34:56'),(720,'关键技术',13,717,'电工及电子技术的关键技术和方法','中等','2025-12-29 16:34:56','2025-12-29 16:34:56'),(721,'实践应用',13,NULL,'电工及电子技术的实践应用和案例分析','困难','2025-12-29 16:34:56','2025-12-29 16:34:56'),(722,'实验指导',13,721,'电工及电子技术的实验操作指导','困难','2025-12-29 16:34:56','2025-12-29 16:34:56'),(723,'案例分析',13,721,'电工及电子技术的实际应用案例分析','困难','2025-12-29 16:34:56','2025-12-29 16:34:56'),(724,'项目实践',13,721,'电工及电子技术的项目实践和综合应用','困难','2025-12-29 16:34:56','2025-12-29 16:34:56'),(725,'课程概述',14,NULL,'算法设计与分析*课程的基本介绍和学习目标','简单','2025-12-29 16:34:56','2025-12-29 16:34:56'),(726,'课程简介',14,725,'算法设计与分析*的课程背景和发展历程','简单','2025-12-29 16:34:56','2025-12-29 16:34:56'),(727,'学习目标',14,725,'算法设计与分析*的学习目标和预期成果','简单','2025-12-29 16:34:56','2025-12-29 16:34:56'),(728,'课程结构',14,725,'算法设计与分析*的课程内容结构和安排','简单','2025-12-29 16:34:56','2025-12-29 16:34:56'),(729,'核心概念',14,NULL,'算法设计与分析*的核心概念和基本原理','中等','2025-12-29 16:34:56','2025-12-29 16:34:56'),(730,'基本概念',14,729,'算法设计与分析*的基本概念和定义','中等','2025-12-29 16:34:56','2025-12-29 16:34:56'),(731,'核心原理',14,729,'算法设计与分析*的核心原理和机制','中等','2025-12-29 16:34:56','2025-12-29 16:34:56'),(732,'关键技术',14,729,'算法设计与分析*的关键技术和方法','中等','2025-12-29 16:34:56','2025-12-29 16:34:56'),(733,'实践应用',14,NULL,'算法设计与分析*的实践应用和案例分析','困难','2025-12-29 16:34:56','2025-12-29 16:34:56'),(734,'实验指导',14,733,'算法设计与分析*的实验操作指导','困难','2025-12-29 16:34:56','2025-12-29 16:34:56'),(735,'案例分析',14,733,'算法设计与分析*的实际应用案例分析','困难','2025-12-29 16:34:56','2025-12-29 16:34:56'),(736,'项目实践',14,733,'算法设计与分析*的项目实践和综合应用','困难','2025-12-29 16:34:56','2025-12-29 16:34:56'),(737,'课程概述',15,NULL,'编译原理课程的基本介绍和学习目标','简单','2025-12-29 16:34:56','2025-12-29 16:34:56'),(738,'课程简介',15,737,'编译原理的课程背景和发展历程','简单','2025-12-29 16:34:56','2025-12-29 16:34:56'),(739,'学习目标',15,737,'编译原理的学习目标和预期成果','简单','2025-12-29 16:34:56','2025-12-29 16:34:56'),(740,'课程结构',15,737,'编译原理的课程内容结构和安排','简单','2025-12-29 16:34:56','2025-12-29 16:34:56'),(741,'核心概念',15,NULL,'编译原理的核心概念和基本原理','中等','2025-12-29 16:34:56','2025-12-29 16:34:56'),(742,'基本概念',15,741,'编译原理的基本概念和定义','中等','2025-12-29 16:34:56','2025-12-29 16:34:56'),(743,'核心原理',15,741,'编译原理的核心原理和机制','中等','2025-12-29 16:34:56','2025-12-29 16:34:56'),(744,'关键技术',15,741,'编译原理的关键技术和方法','中等','2025-12-29 16:34:56','2025-12-29 16:34:56'),(745,'实践应用',15,NULL,'编译原理的实践应用和案例分析','困难','2025-12-29 16:34:56','2025-12-29 16:34:56'),(746,'实验指导',15,745,'编译原理的实验操作指导','困难','2025-12-29 16:34:56','2025-12-29 16:34:56'),(747,'案例分析',15,745,'编译原理的实际应用案例分析','困难','2025-12-29 16:34:56','2025-12-29 16:34:56'),(748,'项目实践',15,745,'编译原理的项目实践和综合应用','困难','2025-12-29 16:34:56','2025-12-29 16:34:56'),(749,'课程概述',16,NULL,'数值分析课程的基本介绍和学习目标','简单','2025-12-29 16:34:56','2025-12-29 16:34:56'),(750,'课程简介',16,749,'数值分析的课程背景和发展历程','简单','2025-12-29 16:34:56','2025-12-29 16:34:56'),(751,'学习目标',16,749,'数值分析的学习目标和预期成果','简单','2025-12-29 16:34:56','2025-12-29 16:34:56'),(752,'课程结构',16,749,'数值分析的课程内容结构和安排','简单','2025-12-29 16:34:56','2025-12-29 16:34:56'),(753,'核心概念',16,NULL,'数值分析的核心概念和基本原理','中等','2025-12-29 16:34:56','2025-12-29 16:34:56'),(754,'基本概念',16,753,'数值分析的基本概念和定义','中等','2025-12-29 16:34:56','2025-12-29 16:34:56'),(755,'核心原理',16,753,'数值分析的核心原理和机制','中等','2025-12-29 16:34:56','2025-12-29 16:34:56'),(756,'关键技术',16,753,'数值分析的关键技术和方法','中等','2025-12-29 16:34:56','2025-12-29 16:34:56'),(757,'实践应用',16,NULL,'数值分析的实践应用和案例分析','困难','2025-12-29 16:34:56','2025-12-29 16:34:56'),(758,'实验指导',16,757,'数值分析的实验操作指导','困难','2025-12-29 16:34:56','2025-12-29 16:34:56'),(759,'案例分析',16,757,'数值分析的实际应用案例分析','困难','2025-12-29 16:34:56','2025-12-29 16:34:56'),(760,'项目实践',16,757,'数值分析的项目实践和综合应用','困难','2025-12-29 16:34:56','2025-12-29 16:34:56'),(761,'课程概述',17,NULL,'嵌入式系统C课程的基本介绍和学习目标','简单','2025-12-29 16:34:56','2025-12-29 16:34:56'),(762,'课程简介',17,761,'嵌入式系统C的课程背景和发展历程','简单','2025-12-29 16:34:56','2025-12-29 16:34:56'),(763,'学习目标',17,761,'嵌入式系统C的学习目标和预期成果','简单','2025-12-29 16:34:56','2025-12-29 16:34:56'),(764,'课程结构',17,761,'嵌入式系统C的课程内容结构和安排','简单','2025-12-29 16:34:56','2025-12-29 16:34:56'),(765,'核心概念',17,NULL,'嵌入式系统C的核心概念和基本原理','中等','2025-12-29 16:34:56','2025-12-29 16:34:56'),(766,'基本概念',17,765,'嵌入式系统C的基本概念和定义','中等','2025-12-29 16:34:56','2025-12-29 16:34:56'),(767,'核心原理',17,765,'嵌入式系统C的核心原理和机制','中等','2025-12-29 16:34:56','2025-12-29 16:34:56'),(768,'关键技术',17,765,'嵌入式系统C的关键技术和方法','中等','2025-12-29 16:34:56','2025-12-29 16:34:56'),(769,'实践应用',17,NULL,'嵌入式系统C的实践应用和案例分析','困难','2025-12-29 16:34:56','2025-12-29 16:34:56'),(770,'实验指导',17,769,'嵌入式系统C的实验操作指导','困难','2025-12-29 16:34:56','2025-12-29 16:34:56'),(771,'案例分析',17,769,'嵌入式系统C的实际应用案例分析','困难','2025-12-29 16:34:56','2025-12-29 16:34:56'),(772,'项目实践',17,769,'嵌入式系统C的项目实践和综合应用','困难','2025-12-29 16:34:56','2025-12-29 16:34:56'),(773,'课程概述',18,NULL,'软件工程课程的基本介绍和学习目标','简单','2025-12-29 16:34:56','2025-12-29 16:34:56'),(774,'课程简介',18,773,'软件工程的课程背景和发展历程','简单','2025-12-29 16:34:56','2025-12-29 16:34:56'),(775,'学习目标',18,773,'软件工程的学习目标和预期成果','简单','2025-12-29 16:34:56','2025-12-29 16:34:56'),(776,'课程结构',18,773,'软件工程的课程内容结构和安排','简单','2025-12-29 16:34:56','2025-12-29 16:34:56'),(777,'核心概念',18,NULL,'软件工程的核心概念和基本原理','中等','2025-12-29 16:34:56','2025-12-29 16:34:56'),(778,'基本概念',18,777,'软件工程的基本概念和定义','中等','2025-12-29 16:34:56','2025-12-29 16:34:56'),(779,'核心原理',18,777,'软件工程的核心原理和机制','中等','2025-12-29 16:34:56','2025-12-29 16:34:56'),(780,'关键技术',18,777,'软件工程的关键技术和方法','中等','2025-12-29 16:34:56','2025-12-29 16:34:56'),(781,'实践应用',18,NULL,'软件工程的实践应用和案例分析','困难','2025-12-29 16:34:56','2025-12-29 16:34:56'),(782,'实验指导',18,781,'软件工程的实验操作指导','困难','2025-12-29 16:34:56','2025-12-29 16:34:56'),(783,'案例分析',18,781,'软件工程的实际应用案例分析','困难','2025-12-29 16:34:56','2025-12-29 16:34:56'),(784,'项目实践',18,781,'软件工程的项目实践和综合应用','困难','2025-12-29 16:34:56','2025-12-29 16:34:56'),(785,'课程概述',19,NULL,'信号处理课程的基本介绍和学习目标','简单','2025-12-29 16:34:56','2025-12-29 16:34:56'),(786,'课程简介',19,785,'信号处理的课程背景和发展历程','简单','2025-12-29 16:34:56','2025-12-29 16:34:56'),(787,'学习目标',19,785,'信号处理的学习目标和预期成果','简单','2025-12-29 16:34:56','2025-12-29 16:34:56'),(788,'课程结构',19,785,'信号处理的课程内容结构和安排','简单','2025-12-29 16:34:56','2025-12-29 16:34:56'),(789,'核心概念',19,NULL,'信号处理的核心概念和基本原理','中等','2025-12-29 16:34:56','2025-12-29 16:34:56'),(790,'基本概念',19,789,'信号处理的基本概念和定义','中等','2025-12-29 16:34:56','2025-12-29 16:34:56'),(791,'核心原理',19,789,'信号处理的核心原理和机制','中等','2025-12-29 16:34:56','2025-12-29 16:34:56'),(792,'关键技术',19,789,'信号处理的关键技术和方法','中等','2025-12-29 16:34:56','2025-12-29 16:34:56'),(793,'实践应用',19,NULL,'信号处理的实践应用和案例分析','困难','2025-12-29 16:34:56','2025-12-29 16:34:56'),(794,'实验指导',19,793,'信号处理的实验操作指导','困难','2025-12-29 16:34:56','2025-12-29 16:34:56'),(795,'案例分析',19,793,'信号处理的实际应用案例分析','困难','2025-12-29 16:34:56','2025-12-29 16:34:56'),(796,'项目实践',19,793,'信号处理的项目实践和综合应用','困难','2025-12-29 16:34:56','2025-12-29 16:34:56'),(797,'课程概述',20,NULL,'人工智能数学基础课程的基本介绍和学习目标','简单','2025-12-29 16:34:56','2025-12-29 16:34:56'),(798,'课程简介',20,797,'人工智能数学基础的课程背景和发展历程','简单','2025-12-29 16:34:56','2025-12-29 16:34:56'),(799,'学习目标',20,797,'人工智能数学基础的学习目标和预期成果','简单','2025-12-29 16:34:56','2025-12-29 16:34:56'),(800,'课程结构',20,797,'人工智能数学基础的课程内容结构和安排','简单','2025-12-29 16:34:56','2025-12-29 16:34:56'),(801,'核心概念',20,NULL,'人工智能数学基础的核心概念和基本原理','中等','2025-12-29 16:34:56','2025-12-29 16:34:56'),(802,'基本概念',20,801,'人工智能数学基础的基本概念和定义','中等','2025-12-29 16:34:56','2025-12-29 16:34:56'),(803,'核心原理',20,801,'人工智能数学基础的核心原理和机制','中等','2025-12-29 16:34:56','2025-12-29 16:34:56'),(804,'关键技术',20,801,'人工智能数学基础的关键技术和方法','中等','2025-12-29 16:34:56','2025-12-29 16:34:56'),(805,'实践应用',20,NULL,'人工智能数学基础的实践应用和案例分析','困难','2025-12-29 16:34:56','2025-12-29 16:34:56'),(806,'实验指导',20,805,'人工智能数学基础的实验操作指导','困难','2025-12-29 16:34:56','2025-12-29 16:34:56'),(807,'案例分析',20,805,'人工智能数学基础的实际应用案例分析','困难','2025-12-29 16:34:56','2025-12-29 16:34:56'),(808,'项目实践',20,805,'人工智能数学基础的项目实践和综合应用','困难','2025-12-29 16:34:56','2025-12-29 16:34:56'),(809,'课程概述',21,NULL,'机器学习课程的基本介绍和学习目标','简单','2025-12-29 16:34:56','2025-12-29 16:34:56'),(810,'课程简介',21,809,'机器学习的课程背景和发展历程','简单','2025-12-29 16:34:56','2025-12-29 16:34:56'),(811,'学习目标',21,809,'机器学习的学习目标和预期成果','简单','2025-12-29 16:34:56','2025-12-29 16:34:56'),(812,'课程结构',21,809,'机器学习的课程内容结构和安排','简单','2025-12-29 16:34:56','2025-12-29 16:34:56'),(813,'核心概念',21,NULL,'机器学习的核心概念和基本原理','中等','2025-12-29 16:34:56','2025-12-29 16:34:56'),(814,'基本概念',21,813,'机器学习的基本概念和定义','中等','2025-12-29 16:34:56','2025-12-29 16:34:56'),(815,'核心原理',21,813,'机器学习的核心原理和机制','中等','2025-12-29 16:34:56','2025-12-29 16:34:56'),(816,'关键技术',21,813,'机器学习的关键技术和方法','中等','2025-12-29 16:34:56','2025-12-29 16:34:56'),(817,'实践应用',21,NULL,'机器学习的实践应用和案例分析','困难','2025-12-29 16:34:56','2025-12-29 16:34:56'),(818,'实验指导',21,817,'机器学习的实验操作指导','困难','2025-12-29 16:34:56','2025-12-29 16:34:56'),(819,'案例分析',21,817,'机器学习的实际应用案例分析','困难','2025-12-29 16:34:56','2025-12-29 16:34:56'),(820,'项目实践',21,817,'机器学习的项目实践和综合应用','困难','2025-12-29 16:34:56','2025-12-29 16:34:56'),(821,'课程概述',22,NULL,'计算机视觉课程的基本介绍和学习目标','简单','2025-12-29 16:34:56','2025-12-29 16:34:56'),(822,'课程简介',22,821,'计算机视觉的课程背景和发展历程','简单','2025-12-29 16:34:56','2025-12-29 16:34:56'),(823,'学习目标',22,821,'计算机视觉的学习目标和预期成果','简单','2025-12-29 16:34:56','2025-12-29 16:34:56'),(824,'课程结构',22,821,'计算机视觉的课程内容结构和安排','简单','2025-12-29 16:34:56','2025-12-29 16:34:56'),(825,'核心概念',22,NULL,'计算机视觉的核心概念和基本原理','中等','2025-12-29 16:34:56','2025-12-29 16:34:56'),(826,'基本概念',22,825,'计算机视觉的基本概念和定义','中等','2025-12-29 16:34:56','2025-12-29 16:34:56'),(827,'核心原理',22,825,'计算机视觉的核心原理和机制','中等','2025-12-29 16:34:56','2025-12-29 16:34:56'),(828,'关键技术',22,825,'计算机视觉的关键技术和方法','中等','2025-12-29 16:34:56','2025-12-29 16:34:56'),(829,'实践应用',22,NULL,'计算机视觉的实践应用和案例分析','困难','2025-12-29 16:34:56','2025-12-29 16:34:56'),(830,'实验指导',22,829,'计算机视觉的实验操作指导','困难','2025-12-29 16:34:56','2025-12-29 16:34:56'),(831,'案例分析',22,829,'计算机视觉的实际应用案例分析','困难','2025-12-29 16:34:56','2025-12-29 16:34:56'),(832,'项目实践',22,829,'计算机视觉的项目实践和综合应用','困难','2025-12-29 16:34:56','2025-12-29 16:34:56'),(833,'课程概述',23,NULL,'Python语言程序设计课程的基本介绍和学习目标','简单','2025-12-29 16:34:56','2025-12-29 16:34:56'),(834,'课程简介',23,833,'Python语言程序设计的课程背景和发展历程','简单','2025-12-29 16:34:56','2025-12-29 16:34:56'),(835,'学习目标',23,833,'Python语言程序设计的学习目标和预期成果','简单','2025-12-29 16:34:56','2025-12-29 16:34:56'),(836,'课程结构',23,833,'Python语言程序设计的课程内容结构和安排','简单','2025-12-29 16:34:56','2025-12-29 16:34:56'),(837,'核心概念',23,NULL,'Python语言程序设计的核心概念和基本原理','中等','2025-12-29 16:34:56','2025-12-29 16:34:56'),(838,'基本概念',23,837,'Python语言程序设计的基本概念和定义','中等','2025-12-29 16:34:56','2025-12-29 16:34:56'),(839,'核心原理',23,837,'Python语言程序设计的核心原理和机制','中等','2025-12-29 16:34:56','2025-12-29 16:34:56'),(840,'关键技术',23,837,'Python语言程序设计的关键技术和方法','中等','2025-12-29 16:34:56','2025-12-29 16:34:56'),(841,'实践应用',23,NULL,'Python语言程序设计的实践应用和案例分析','困难','2025-12-29 16:34:56','2025-12-29 16:34:56'),(842,'实验指导',23,841,'Python语言程序设计的实验操作指导','困难','2025-12-29 16:34:56','2025-12-29 16:34:56'),(843,'案例分析',23,841,'Python语言程序设计的实际应用案例分析','困难','2025-12-29 16:34:56','2025-12-29 16:34:56'),(844,'项目实践',23,841,'Python语言程序设计的项目实践和综合应用','困难','2025-12-29 16:34:56','2025-12-29 16:34:56'),(845,'课程概述',24,NULL,'智能移动机器人C课程的基本介绍和学习目标','简单','2025-12-29 16:34:56','2025-12-29 16:34:56'),(846,'课程简介',24,845,'智能移动机器人C的课程背景和发展历程','简单','2025-12-29 16:34:56','2025-12-29 16:34:56'),(847,'学习目标',24,845,'智能移动机器人C的学习目标和预期成果','简单','2025-12-29 16:34:56','2025-12-29 16:34:56'),(848,'课程结构',24,845,'智能移动机器人C的课程内容结构和安排','简单','2025-12-29 16:34:56','2025-12-29 16:34:56'),(849,'核心概念',24,NULL,'智能移动机器人C的核心概念和基本原理','中等','2025-12-29 16:34:56','2025-12-29 16:34:56'),(850,'基本概念',24,849,'智能移动机器人C的基本概念和定义','中等','2025-12-29 16:34:56','2025-12-29 16:34:56'),(851,'核心原理',24,849,'智能移动机器人C的核心原理和机制','中等','2025-12-29 16:34:56','2025-12-29 16:34:56'),(852,'关键技术',24,849,'智能移动机器人C的关键技术和方法','中等','2025-12-29 16:34:56','2025-12-29 16:34:56'),(853,'实践应用',24,NULL,'智能移动机器人C的实践应用和案例分析','困难','2025-12-29 16:34:56','2025-12-29 16:34:56'),(854,'实验指导',24,853,'智能移动机器人C的实验操作指导','困难','2025-12-29 16:34:56','2025-12-29 16:34:56'),(855,'案例分析',24,853,'智能移动机器人C的实际应用案例分析','困难','2025-12-29 16:34:56','2025-12-29 16:34:56'),(856,'项目实践',24,853,'智能移动机器人C的项目实践和综合应用','困难','2025-12-29 16:34:56','2025-12-29 16:34:56'),(857,'课程概述',25,NULL,'人工智能导论课程的基本介绍和学习目标','简单','2025-12-29 16:34:56','2025-12-29 16:34:56'),(858,'课程简介',25,857,'人工智能导论的课程背景和发展历程','简单','2025-12-29 16:34:56','2025-12-29 16:34:56'),(859,'学习目标',25,857,'人工智能导论的学习目标和预期成果','简单','2025-12-29 16:34:56','2025-12-29 16:34:56'),(860,'课程结构',25,857,'人工智能导论的课程内容结构和安排','简单','2025-12-29 16:34:56','2025-12-29 16:34:56'),(861,'核心概念',25,NULL,'人工智能导论的核心概念和基本原理','中等','2025-12-29 16:34:56','2025-12-29 16:34:56'),(862,'基本概念',25,861,'人工智能导论的基本概念和定义','中等','2025-12-29 16:34:56','2025-12-29 16:34:56'),(863,'核心原理',25,861,'人工智能导论的核心原理和机制','中等','2025-12-29 16:34:56','2025-12-29 16:34:56'),(864,'关键技术',25,861,'人工智能导论的关键技术和方法','中等','2025-12-29 16:34:56','2025-12-29 16:34:56'),(865,'实践应用',25,NULL,'人工智能导论的实践应用和案例分析','困难','2025-12-29 16:34:56','2025-12-29 16:34:56'),(866,'实验指导',25,865,'人工智能导论的实验操作指导','困难','2025-12-29 16:34:56','2025-12-29 16:34:56'),(867,'案例分析',25,865,'人工智能导论的实际应用案例分析','困难','2025-12-29 16:34:56','2025-12-29 16:34:56'),(868,'项目实践',25,865,'人工智能导论的项目实践和综合应用','困难','2025-12-29 16:34:56','2025-12-29 16:34:56'),(869,'课程概述',26,NULL,'大数据导论课程的基本介绍和学习目标','简单','2025-12-29 16:34:56','2025-12-29 16:34:56'),(870,'课程简介',26,869,'大数据导论的课程背景和发展历程','简单','2025-12-29 16:34:56','2025-12-29 16:34:56'),(871,'学习目标',26,869,'大数据导论的学习目标和预期成果','简单','2025-12-29 16:34:56','2025-12-29 16:34:56'),(872,'课程结构',26,869,'大数据导论的课程内容结构和安排','简单','2025-12-29 16:34:56','2025-12-29 16:34:56'),(873,'核心概念',26,NULL,'大数据导论的核心概念和基本原理','中等','2025-12-29 16:34:56','2025-12-29 16:34:56'),(874,'基本概念',26,873,'大数据导论的基本概念和定义','中等','2025-12-29 16:34:56','2025-12-29 16:34:56'),(875,'核心原理',26,873,'大数据导论的核心原理和机制','中等','2025-12-29 16:34:56','2025-12-29 16:34:56'),(876,'关键技术',26,873,'大数据导论的关键技术和方法','中等','2025-12-29 16:34:56','2025-12-29 16:34:56'),(877,'实践应用',26,NULL,'大数据导论的实践应用和案例分析','困难','2025-12-29 16:34:56','2025-12-29 16:34:56'),(878,'实验指导',26,877,'大数据导论的实验操作指导','困难','2025-12-29 16:34:56','2025-12-29 16:34:56'),(879,'案例分析',26,877,'大数据导论的实际应用案例分析','困难','2025-12-29 16:34:56','2025-12-29 16:34:56'),(880,'项目实践',26,877,'大数据导论的项目实践和综合应用','困难','2025-12-29 16:34:56','2025-12-29 16:34:56'),(881,'课程概述',27,NULL,'深度学习硬件实践课程的基本介绍和学习目标','简单','2025-12-29 16:34:56','2025-12-29 16:34:56'),(882,'课程简介',27,881,'深度学习硬件实践的课程背景和发展历程','简单','2025-12-29 16:34:56','2025-12-29 16:34:56'),(883,'学习目标',27,881,'深度学习硬件实践的学习目标和预期成果','简单','2025-12-29 16:34:56','2025-12-29 16:34:56'),(884,'课程结构',27,881,'深度学习硬件实践的课程内容结构和安排','简单','2025-12-29 16:34:56','2025-12-29 16:34:56'),(885,'核心概念',27,NULL,'深度学习硬件实践的核心概念和基本原理','中等','2025-12-29 16:34:56','2025-12-29 16:34:56'),(886,'基本概念',27,885,'深度学习硬件实践的基本概念和定义','中等','2025-12-29 16:34:56','2025-12-29 16:34:56'),(887,'核心原理',27,885,'深度学习硬件实践的核心原理和机制','中等','2025-12-29 16:34:56','2025-12-29 16:34:56'),(888,'关键技术',27,885,'深度学习硬件实践的关键技术和方法','中等','2025-12-29 16:34:56','2025-12-29 16:34:56'),(889,'实践应用',27,NULL,'深度学习硬件实践的实践应用和案例分析','困难','2025-12-29 16:34:56','2025-12-29 16:34:56'),(890,'实验指导',27,889,'深度学习硬件实践的实验操作指导','困难','2025-12-29 16:34:56','2025-12-29 16:34:56'),(891,'案例分析',27,889,'深度学习硬件实践的实际应用案例分析','困难','2025-12-29 16:34:56','2025-12-29 16:34:56'),(892,'项目实践',27,889,'深度学习硬件实践的项目实践和综合应用','困难','2025-12-29 16:34:56','2025-12-29 16:34:56'),(893,'课程概述',28,NULL,'矩阵分析课程的基本介绍和学习目标','简单','2025-12-29 16:34:56','2025-12-29 16:34:56'),(894,'课程简介',28,893,'矩阵分析的课程背景和发展历程','简单','2025-12-29 16:34:56','2025-12-29 16:34:56'),(895,'学习目标',28,893,'矩阵分析的学习目标和预期成果','简单','2025-12-29 16:34:56','2025-12-29 16:34:56'),(896,'课程结构',28,893,'矩阵分析的课程内容结构和安排','简单','2025-12-29 16:34:56','2025-12-29 16:34:56'),(897,'核心概念',28,NULL,'矩阵分析的核心概念和基本原理','中等','2025-12-29 16:34:56','2025-12-29 16:34:56'),(898,'基本概念',28,897,'矩阵分析的基本概念和定义','中等','2025-12-29 16:34:56','2025-12-29 16:34:56'),(899,'核心原理',28,897,'矩阵分析的核心原理和机制','中等','2025-12-29 16:34:56','2025-12-29 16:34:56'),(900,'关键技术',28,897,'矩阵分析的关键技术和方法','中等','2025-12-29 16:34:56','2025-12-29 16:34:56'),(901,'实践应用',28,NULL,'矩阵分析的实践应用和案例分析','困难','2025-12-29 16:34:56','2025-12-29 16:34:56'),(902,'实验指导',28,901,'矩阵分析的实验操作指导','困难','2025-12-29 16:34:56','2025-12-29 16:34:56'),(903,'案例分析',28,901,'矩阵分析的实际应用案例分析','困难','2025-12-29 16:34:56','2025-12-29 16:34:56'),(904,'项目实践',28,901,'矩阵分析的项目实践和综合应用','困难','2025-12-29 16:34:56','2025-12-29 16:34:56'),(905,'课程概述',29,NULL,'数据挖掘*课程的基本介绍和学习目标','简单','2025-12-29 16:34:56','2025-12-29 16:34:56'),(906,'课程简介',29,905,'数据挖掘*的课程背景和发展历程','简单','2025-12-29 16:34:56','2025-12-29 16:34:56'),(907,'学习目标',29,905,'数据挖掘*的学习目标和预期成果','简单','2025-12-29 16:34:56','2025-12-29 16:34:56'),(908,'课程结构',29,905,'数据挖掘*的课程内容结构和安排','简单','2025-12-29 16:34:56','2025-12-29 16:34:56'),(909,'核心概念',29,NULL,'数据挖掘*的核心概念和基本原理','中等','2025-12-29 16:34:56','2025-12-29 16:34:56'),(910,'基本概念',29,909,'数据挖掘*的基本概念和定义','中等','2025-12-29 16:34:56','2025-12-29 16:34:56'),(911,'核心原理',29,909,'数据挖掘*的核心原理和机制','中等','2025-12-29 16:34:56','2025-12-29 16:34:56'),(912,'关键技术',29,909,'数据挖掘*的关键技术和方法','中等','2025-12-29 16:34:56','2025-12-29 16:34:56'),(913,'实践应用',29,NULL,'数据挖掘*的实践应用和案例分析','困难','2025-12-29 16:34:56','2025-12-29 16:34:56'),(914,'实验指导',29,913,'数据挖掘*的实验操作指导','困难','2025-12-29 16:34:56','2025-12-29 16:34:56'),(915,'案例分析',29,913,'数据挖掘*的实际应用案例分析','困难','2025-12-29 16:34:56','2025-12-29 16:34:56'),(916,'项目实践',29,913,'数据挖掘*的项目实践和综合应用','困难','2025-12-29 16:34:56','2025-12-29 16:34:56'),(917,'课程概述',30,NULL,'量子计算导论课程的基本介绍和学习目标','简单','2025-12-29 16:34:56','2025-12-29 16:34:56'),(918,'课程简介',30,917,'量子计算导论的课程背景和发展历程','简单','2025-12-29 16:34:56','2025-12-29 16:34:56'),(919,'学习目标',30,917,'量子计算导论的学习目标和预期成果','简单','2025-12-29 16:34:56','2025-12-29 16:34:56'),(920,'课程结构',30,917,'量子计算导论的课程内容结构和安排','简单','2025-12-29 16:34:56','2025-12-29 16:34:56'),(921,'核心概念',30,NULL,'量子计算导论的核心概念和基本原理','中等','2025-12-29 16:34:56','2025-12-29 16:34:56'),(922,'基本概念',30,921,'量子计算导论的基本概念和定义','中等','2025-12-29 16:34:56','2025-12-29 16:34:56'),(923,'核心原理',30,921,'量子计算导论的核心原理和机制','中等','2025-12-29 16:34:56','2025-12-29 16:34:56'),(924,'关键技术',30,921,'量子计算导论的关键技术和方法','中等','2025-12-29 16:34:56','2025-12-29 16:34:56'),(925,'实践应用',30,NULL,'量子计算导论的实践应用和案例分析','困难','2025-12-29 16:34:56','2025-12-29 16:34:56'),(926,'实验指导',30,925,'量子计算导论的实验操作指导','困难','2025-12-29 16:34:56','2025-12-29 16:34:56'),(927,'案例分析',30,925,'量子计算导论的实际应用案例分析','困难','2025-12-29 16:34:56','2025-12-29 16:34:56'),(928,'项目实践',30,925,'量子计算导论的项目实践和综合应用','困难','2025-12-29 16:34:56','2025-12-29 16:34:56'),(929,'课程概述',31,NULL,'计算机前沿技术课程的基本介绍和学习目标','简单','2025-12-29 16:34:56','2025-12-29 16:34:56'),(930,'课程简介',31,929,'计算机前沿技术的课程背景和发展历程','简单','2025-12-29 16:34:56','2025-12-29 16:34:56'),(931,'学习目标',31,929,'计算机前沿技术的学习目标和预期成果','简单','2025-12-29 16:34:56','2025-12-29 16:34:56'),(932,'课程结构',31,929,'计算机前沿技术的课程内容结构和安排','简单','2025-12-29 16:34:56','2025-12-29 16:34:56'),(933,'核心概念',31,NULL,'计算机前沿技术的核心概念和基本原理','中等','2025-12-29 16:34:56','2025-12-29 16:34:56'),(934,'基本概念',31,933,'计算机前沿技术的基本概念和定义','中等','2025-12-29 16:34:56','2025-12-29 16:34:56'),(935,'核心原理',31,933,'计算机前沿技术的核心原理和机制','中等','2025-12-29 16:34:56','2025-12-29 16:34:56'),(936,'关键技术',31,933,'计算机前沿技术的关键技术和方法','中等','2025-12-29 16:34:56','2025-12-29 16:34:56'),(937,'实践应用',31,NULL,'计算机前沿技术的实践应用和案例分析','困难','2025-12-29 16:34:56','2025-12-29 16:34:56'),(938,'实验指导',31,937,'计算机前沿技术的实验操作指导','困难','2025-12-29 16:34:56','2025-12-29 16:34:56'),(939,'案例分析',31,937,'计算机前沿技术的实际应用案例分析','困难','2025-12-29 16:34:56','2025-12-29 16:34:56'),(940,'项目实践',31,937,'计算机前沿技术的项目实践和综合应用','困难','2025-12-29 16:34:56','2025-12-29 16:34:56'),(941,'课程概述',32,NULL,'区块链技术课程的基本介绍和学习目标','简单','2025-12-29 16:34:56','2025-12-29 16:34:56'),(942,'课程简介',32,941,'区块链技术的课程背景和发展历程','简单','2025-12-29 16:34:56','2025-12-29 16:34:56'),(943,'学习目标',32,941,'区块链技术的学习目标和预期成果','简单','2025-12-29 16:34:56','2025-12-29 16:34:56'),(944,'课程结构',32,941,'区块链技术的课程内容结构和安排','简单','2025-12-29 16:34:56','2025-12-29 16:34:56'),(945,'核心概念',32,NULL,'区块链技术的核心概念和基本原理','中等','2025-12-29 16:34:56','2025-12-29 16:34:56'),(946,'基本概念',32,945,'区块链技术的基本概念和定义','中等','2025-12-29 16:34:56','2025-12-29 16:34:56'),(947,'核心原理',32,945,'区块链技术的核心原理和机制','中等','2025-12-29 16:34:56','2025-12-29 16:34:56'),(948,'关键技术',32,945,'区块链技术的关键技术和方法','中等','2025-12-29 16:34:56','2025-12-29 16:34:56'),(949,'实践应用',32,NULL,'区块链技术的实践应用和案例分析','困难','2025-12-29 16:34:56','2025-12-29 16:34:56'),(950,'实验指导',32,949,'区块链技术的实验操作指导','困难','2025-12-29 16:34:56','2025-12-29 16:34:56'),(951,'案例分析',32,949,'区块链技术的实际应用案例分析','困难','2025-12-29 16:34:56','2025-12-29 16:34:56'),(952,'项目实践',32,949,'区块链技术的项目实践和综合应用','困难','2025-12-29 16:34:56','2025-12-29 16:34:56'),(953,'课程概述',33,NULL,'复杂网络导论课程的基本介绍和学习目标','简单','2025-12-29 16:34:56','2025-12-29 16:34:56'),(954,'课程简介',33,953,'复杂网络导论的课程背景和发展历程','简单','2025-12-29 16:34:56','2025-12-29 16:34:56'),(955,'学习目标',33,953,'复杂网络导论的学习目标和预期成果','简单','2025-12-29 16:34:56','2025-12-29 16:34:56'),(956,'课程结构',33,953,'复杂网络导论的课程内容结构和安排','简单','2025-12-29 16:34:56','2025-12-29 16:34:56'),(957,'核心概念',33,NULL,'复杂网络导论的核心概念和基本原理','中等','2025-12-29 16:34:56','2025-12-29 16:34:56'),(958,'基本概念',33,957,'复杂网络导论的基本概念和定义','中等','2025-12-29 16:34:56','2025-12-29 16:34:56'),(959,'核心原理',33,957,'复杂网络导论的核心原理和机制','中等','2025-12-29 16:34:56','2025-12-29 16:34:56'),(960,'关键技术',33,957,'复杂网络导论的关键技术和方法','中等','2025-12-29 16:34:56','2025-12-29 16:34:56'),(961,'实践应用',33,NULL,'复杂网络导论的实践应用和案例分析','困难','2025-12-29 16:34:56','2025-12-29 16:34:56'),(962,'实验指导',33,961,'复杂网络导论的实验操作指导','困难','2025-12-29 16:34:56','2025-12-29 16:34:56'),(963,'案例分析',33,961,'复杂网络导论的实际应用案例分析','困难','2025-12-29 16:34:56','2025-12-29 16:34:56'),(964,'项目实践',33,961,'复杂网络导论的项目实践和综合应用','困难','2025-12-29 16:34:56','2025-12-29 16:34:56'),(965,'课程概述',34,NULL,'物联网技术导论课程的基本介绍和学习目标','简单','2025-12-29 16:34:56','2025-12-29 16:34:56'),(966,'课程简介',34,965,'物联网技术导论的课程背景和发展历程','简单','2025-12-29 16:34:56','2025-12-29 16:34:56'),(967,'学习目标',34,965,'物联网技术导论的学习目标和预期成果','简单','2025-12-29 16:34:56','2025-12-29 16:34:56'),(968,'课程结构',34,965,'物联网技术导论的课程内容结构和安排','简单','2025-12-29 16:34:56','2025-12-29 16:34:56'),(969,'核心概念',34,NULL,'物联网技术导论的核心概念和基本原理','中等','2025-12-29 16:34:56','2025-12-29 16:34:56'),(970,'基本概念',34,969,'物联网技术导论的基本概念和定义','中等','2025-12-29 16:34:56','2025-12-29 16:34:56'),(971,'核心原理',34,969,'物联网技术导论的核心原理和机制','中等','2025-12-29 16:34:56','2025-12-29 16:34:56'),(972,'关键技术',34,969,'物联网技术导论的关键技术和方法','中等','2025-12-29 16:34:56','2025-12-29 16:34:56'),(973,'实践应用',34,NULL,'物联网技术导论的实践应用和案例分析','困难','2025-12-29 16:34:56','2025-12-29 16:34:56'),(974,'实验指导',34,973,'物联网技术导论的实验操作指导','困难','2025-12-29 16:34:56','2025-12-29 16:34:56'),(975,'案例分析',34,973,'物联网技术导论的实际应用案例分析','困难','2025-12-29 16:34:56','2025-12-29 16:34:56'),(976,'项目实践',34,973,'物联网技术导论的项目实践和综合应用','困难','2025-12-29 16:34:56','2025-12-29 16:34:56'),(977,'课程概述',35,NULL,'云计算与分布式系统课程的基本介绍和学习目标','简单','2025-12-29 16:34:56','2025-12-29 16:34:56'),(978,'课程简介',35,977,'云计算与分布式系统的课程背景和发展历程','简单','2025-12-29 16:34:56','2025-12-29 16:34:56'),(979,'学习目标',35,977,'云计算与分布式系统的学习目标和预期成果','简单','2025-12-29 16:34:56','2025-12-29 16:34:56'),(980,'课程结构',35,977,'云计算与分布式系统的课程内容结构和安排','简单','2025-12-29 16:34:56','2025-12-29 16:34:56'),(981,'核心概念',35,NULL,'云计算与分布式系统的核心概念和基本原理','中等','2025-12-29 16:34:56','2025-12-29 16:34:56'),(982,'基本概念',35,981,'云计算与分布式系统的基本概念和定义','中等','2025-12-29 16:34:56','2025-12-29 16:34:56'),(983,'核心原理',35,981,'云计算与分布式系统的核心原理和机制','中等','2025-12-29 16:34:56','2025-12-29 16:34:56'),(984,'关键技术',35,981,'云计算与分布式系统的关键技术和方法','中等','2025-12-29 16:34:56','2025-12-29 16:34:56'),(985,'实践应用',35,NULL,'云计算与分布式系统的实践应用和案例分析','困难','2025-12-29 16:34:56','2025-12-29 16:34:56'),(986,'实验指导',35,985,'云计算与分布式系统的实验操作指导','困难','2025-12-29 16:34:56','2025-12-29 16:34:56'),(987,'案例分析',35,985,'云计算与分布式系统的实际应用案例分析','困难','2025-12-29 16:34:56','2025-12-29 16:34:56'),(988,'项目实践',35,985,'云计算与分布式系统的项目实践和综合应用','困难','2025-12-29 16:34:56','2025-12-29 16:34:56'),(989,'课程概述',36,NULL,'网络安全技术课程的基本介绍和学习目标','简单','2025-12-29 16:34:56','2025-12-29 16:34:56'),(990,'课程简介',36,989,'网络安全技术的课程背景和发展历程','简单','2025-12-29 16:34:56','2025-12-29 16:34:56'),(991,'学习目标',36,989,'网络安全技术的学习目标和预期成果','简单','2025-12-29 16:34:56','2025-12-29 16:34:56'),(992,'课程结构',36,989,'网络安全技术的课程内容结构和安排','简单','2025-12-29 16:34:56','2025-12-29 16:34:56'),(993,'核心概念',36,NULL,'网络安全技术的核心概念和基本原理','中等','2025-12-29 16:34:56','2025-12-29 16:34:56'),(994,'基本概念',36,993,'网络安全技术的基本概念和定义','中等','2025-12-29 16:34:56','2025-12-29 16:34:56'),(995,'核心原理',36,993,'网络安全技术的核心原理和机制','中等','2025-12-29 16:34:56','2025-12-29 16:34:56'),(996,'关键技术',36,993,'网络安全技术的关键技术和方法','中等','2025-12-29 16:34:56','2025-12-29 16:34:56'),(997,'实践应用',36,NULL,'网络安全技术的实践应用和案例分析','困难','2025-12-29 16:34:56','2025-12-29 16:34:56'),(998,'实验指导',36,997,'网络安全技术的实验操作指导','困难','2025-12-29 16:34:56','2025-12-29 16:34:56'),(999,'案例分析',36,997,'网络安全技术的实际应用案例分析','困难','2025-12-29 16:34:56','2025-12-29 16:34:56'),(1000,'项目实践',36,997,'网络安全技术的项目实践和综合应用','困难','2025-12-29 16:34:56','2025-12-29 16:34:56'),(1001,'课程概述',37,NULL,'三维动画建模K课程的基本介绍和学习目标','简单','2025-12-29 16:34:56','2025-12-29 16:34:56'),(1002,'课程简介',37,1001,'三维动画建模K的课程背景和发展历程','简单','2025-12-29 16:34:56','2025-12-29 16:34:56'),(1003,'学习目标',37,1001,'三维动画建模K的学习目标和预期成果','简单','2025-12-29 16:34:56','2025-12-29 16:34:56'),(1004,'课程结构',37,1001,'三维动画建模K的课程内容结构和安排','简单','2025-12-29 16:34:56','2025-12-29 16:34:56'),(1005,'核心概念',37,NULL,'三维动画建模K的核心概念和基本原理','中等','2025-12-29 16:34:56','2025-12-29 16:34:56'),(1006,'基本概念',37,1005,'三维动画建模K的基本概念和定义','中等','2025-12-29 16:34:56','2025-12-29 16:34:56'),(1007,'核心原理',37,1005,'三维动画建模K的核心原理和机制','中等','2025-12-29 16:34:56','2025-12-29 16:34:56'),(1008,'关键技术',37,1005,'三维动画建模K的关键技术和方法','中等','2025-12-29 16:34:56','2025-12-29 16:34:56'),(1009,'实践应用',37,NULL,'三维动画建模K的实践应用和案例分析','困难','2025-12-29 16:34:56','2025-12-29 16:34:56'),(1010,'实验指导',37,1009,'三维动画建模K的实验操作指导','困难','2025-12-29 16:34:56','2025-12-29 16:34:56'),(1011,'案例分析',37,1009,'三维动画建模K的实际应用案例分析','困难','2025-12-29 16:34:56','2025-12-29 16:34:56'),(1012,'项目实践',37,1009,'三维动画建模K的项目实践和综合应用','困难','2025-12-29 16:34:56','2025-12-29 16:34:56'),(1013,'课程概述',38,NULL,'知识图谱课程的基本介绍和学习目标','简单','2025-12-29 16:34:56','2025-12-29 16:34:56'),(1014,'课程简介',38,1013,'知识图谱的课程背景和发展历程','简单','2025-12-29 16:34:56','2025-12-29 16:34:56'),(1015,'学习目标',38,1013,'知识图谱的学习目标和预期成果','简单','2025-12-29 16:34:56','2025-12-29 16:34:56'),(1016,'课程结构',38,1013,'知识图谱的课程内容结构和安排','简单','2025-12-29 16:34:56','2025-12-29 16:34:56'),(1017,'核心概念',38,NULL,'知识图谱的核心概念和基本原理','中等','2025-12-29 16:34:56','2025-12-29 16:34:56'),(1018,'基本概念',38,1017,'知识图谱的基本概念和定义','中等','2025-12-29 16:34:56','2025-12-29 16:34:56'),(1019,'核心原理',38,1017,'知识图谱的核心原理和机制','中等','2025-12-29 16:34:56','2025-12-29 16:34:56'),(1020,'关键技术',38,1017,'知识图谱的关键技术和方法','中等','2025-12-29 16:34:56','2025-12-29 16:34:56'),(1021,'实践应用',38,NULL,'知识图谱的实践应用和案例分析','困难','2025-12-29 16:34:56','2025-12-29 16:34:56'),(1022,'实验指导',38,1021,'知识图谱的实验操作指导','困难','2025-12-29 16:34:56','2025-12-29 16:34:56'),(1023,'案例分析',38,1021,'知识图谱的实际应用案例分析','困难','2025-12-29 16:34:56','2025-12-29 16:34:56'),(1024,'项目实践',38,1021,'知识图谱的项目实践和综合应用','困难','2025-12-29 16:34:56','2025-12-29 16:34:56'),(1025,'课程概述',39,NULL,'次世代建模c课程的基本介绍和学习目标','简单','2025-12-29 16:34:56','2025-12-29 16:34:56'),(1026,'课程简介',39,1025,'次世代建模c的课程背景和发展历程','简单','2025-12-29 16:34:56','2025-12-29 16:34:56'),(1027,'学习目标',39,1025,'次世代建模c的学习目标和预期成果','简单','2025-12-29 16:34:56','2025-12-29 16:34:56'),(1028,'课程结构',39,1025,'次世代建模c的课程内容结构和安排','简单','2025-12-29 16:34:56','2025-12-29 16:34:56'),(1029,'核心概念',39,NULL,'次世代建模c的核心概念和基本原理','中等','2025-12-29 16:34:56','2025-12-29 16:34:56'),(1030,'基本概念',39,1029,'次世代建模c的基本概念和定义','中等','2025-12-29 16:34:56','2025-12-29 16:34:56'),(1031,'核心原理',39,1029,'次世代建模c的核心原理和机制','中等','2025-12-29 16:34:56','2025-12-29 16:34:56'),(1032,'关键技术',39,1029,'次世代建模c的关键技术和方法','中等','2025-12-29 16:34:56','2025-12-29 16:34:56'),(1033,'实践应用',39,NULL,'次世代建模c的实践应用和案例分析','困难','2025-12-29 16:34:56','2025-12-29 16:34:56'),(1034,'实验指导',39,1033,'次世代建模c的实验操作指导','困难','2025-12-29 16:34:56','2025-12-29 16:34:56'),(1035,'案例分析',39,1033,'次世代建模c的实际应用案例分析','困难','2025-12-29 16:34:56','2025-12-29 16:34:56'),(1036,'项目实践',39,1033,'次世代建模c的项目实践和综合应用','困难','2025-12-29 16:34:56','2025-12-29 16:34:56');
/*!40000 ALTER TABLE `knowledge_point` ENABLE KEYS */;
UNLOCK TABLES;

--
-- Table structure for table `paper_question`
--

DROP TABLE IF EXISTS `paper_question`;
/*!40101 SET @saved_cs_client     = @@character_set_client */;
/*!50503 SET character_set_client = utf8mb4 */;
CREATE TABLE `paper_question` (
  `detail_id` int NOT NULL AUTO_INCREMENT,
  `paper_id` int NOT NULL COMMENT '试卷ID',
  `question_id` int NOT NULL COMMENT '试题ID',
  `kp_id` int NOT NULL COMMENT '知识点ID',
  `question_order` int NOT NULL COMMENT '试题顺序',
  `question_score` decimal(3,1) NOT NULL COMMENT '试题分值',
  PRIMARY KEY (`detail_id`),
  KEY `paper_id` (`paper_id`),
  KEY `question_id` (`question_id`),
  KEY `kp_id` (`kp_id`),
  CONSTRAINT `paper_question_ibfk_1` FOREIGN KEY (`paper_id`) REFERENCES `exam_paper` (`paper_id`) ON DELETE CASCADE,
  CONSTRAINT `paper_question_ibfk_2` FOREIGN KEY (`question_id`) REFERENCES `question_bank` (`question_id`) ON DELETE CASCADE,
  CONSTRAINT `paper_question_ibfk_3` FOREIGN KEY (`kp_id`) REFERENCES `knowledge_point` (`kp_id`) ON DELETE CASCADE
) ENGINE=InnoDB AUTO_INCREMENT=86 DEFAULT CHARSET=utf8mb4 COLLATE=utf8mb4_0900_ai_ci COMMENT='试卷试题明细';
/*!40101 SET character_set_client = @saved_cs_client */;

--
-- Dumping data for table `paper_question`
--

LOCK TABLES `paper_question` WRITE;
/*!40000 ALTER TABLE `paper_question` DISABLE KEYS */;
/*!40000 ALTER TABLE `paper_question` ENABLE KEYS */;
UNLOCK TABLES;

--
-- Table structure for table `permission`
--

DROP TABLE IF EXISTS `permission`;
/*!40101 SET @saved_cs_client     = @@character_set_client */;
/*!50503 SET character_set_client = utf8mb4 */;
CREATE TABLE `permission` (
  `permission_id` int NOT NULL AUTO_INCREMENT,
  `permission_name` varchar(100) NOT NULL,
  `permission_code` varchar(100) NOT NULL,
  `description` varchar(255) DEFAULT NULL,
  `url` varchar(255) DEFAULT NULL,
  `method` varchar(20) DEFAULT NULL,
  PRIMARY KEY (`permission_id`),
  UNIQUE KEY `permission_code` (`permission_code`)
) ENGINE=InnoDB AUTO_INCREMENT=21 DEFAULT CHARSET=utf8mb4 COLLATE=utf8mb4_0900_ai_ci;
/*!40101 SET character_set_client = @saved_cs_client */;

--
-- Dumping data for table `permission`
--

LOCK TABLES `permission` WRITE;
/*!40000 ALTER TABLE `permission` DISABLE KEYS */;
INSERT INTO `permission` VALUES (1,'查看用户列表','user:list','查看所有用户信息','/users','GET'),(2,'新增用户','user:add','创建新用户','/users','POST'),(3,'编辑用户','user:edit','修改用户信息','/users/{id}','PUT'),(4,'删除用户','user:delete','删除用户','/users/{id}','DELETE'),(5,'查看角色列表','role:list','查看所有角色信息','/roles','GET'),(6,'新增角色','role:add','创建新角色','/roles','POST'),(7,'编辑角色','role:edit','修改角色信息','/roles/{id}','PUT'),(8,'删除角色','role:delete','删除角色','/roles/{id}','DELETE'),(9,'查看权限列表','permission:list','查看所有权限信息','/permissions','GET'),(10,'新增权限','permission:add','创建新权限','/permissions','POST'),(11,'编辑权限','permission:edit','修改权限信息','/permissions/{id}','PUT'),(12,'删除权限','permission:delete','删除权限','/permissions/{id}','DELETE'),(13,'查看课程列表','course:list','查看所有课程信息','/courses','GET'),(14,'新增课程','course:add','创建新课程','/courses','POST'),(15,'编辑课程','course:edit','修改课程信息','/courses/{id}','PUT'),(16,'删除课程','course:delete','删除课程','/courses/{id}','DELETE'),(17,'查看培养方案列表','training-program:list','查看所有培养方案信息','/training-programs','GET'),(18,'新增培养方案','training-program:add','创建新培养方案','/training-programs','POST'),(19,'编辑培养方案','training-program:edit','修改培养方案信息','/training-programs/{id}','PUT'),(20,'删除培养方案','training-program:delete','删除培养方案','/training-programs/{id}','DELETE');
/*!40000 ALTER TABLE `permission` ENABLE KEYS */;
UNLOCK TABLES;

--
-- Table structure for table `practice_project`
--

DROP TABLE IF EXISTS `practice_project`;
/*!40101 SET @saved_cs_client     = @@character_set_client */;
/*!50503 SET character_set_client = utf8mb4 */;
CREATE TABLE `practice_project` (
  `id` int NOT NULL AUTO_INCREMENT,
  `course_code` varchar(20) NOT NULL COMMENT '课号',
  `project_name` varchar(100) NOT NULL COMMENT '名称',
  `semester` int NOT NULL COMMENT '学期',
  `weeks` int NOT NULL COMMENT '周数',
  `credit` decimal(3,1) NOT NULL COMMENT '学分',
  `remarks` text COMMENT '备注',
  `create_time` datetime DEFAULT CURRENT_TIMESTAMP,
  `update_time` datetime DEFAULT CURRENT_TIMESTAMP ON UPDATE CURRENT_TIMESTAMP,
  PRIMARY KEY (`id`),
  UNIQUE KEY `course_code` (`course_code`)
) ENGINE=InnoDB AUTO_INCREMENT=11 DEFAULT CHARSET=utf8mb4 COLLATE=utf8mb4_0900_ai_ci COMMENT='专业实习与课程设计实践表';
/*!40101 SET character_set_client = @saved_cs_client */;

--
-- Dumping data for table `practice_project`
--

LOCK TABLES `practice_project` WRITE;
/*!40000 ALTER TABLE `practice_project` DISABLE KEYS */;
INSERT INTO `practice_project` VALUES (1,'14500012','军事技能',1,3,2.0,'集中实践','2025-12-29 14:09:19','2025-12-29 14:09:19'),(2,'11674231','基础开发实习',2,1,1.0,'第17周','2025-12-29 14:09:19','2025-12-29 14:09:19'),(3,'11620201','基础开发劳动教育实习',2,1,1.0,'第18周（2学时理论）','2025-12-29 14:09:19','2025-12-29 14:09:19'),(4,'11614201','高级语言编程实践',2,8,1.0,'分散进行（32学时，1-8周，4学时/周）','2025-12-29 14:09:19','2025-12-29 14:09:19'),(5,'11620421','数据库课程设计',3,1,1.0,'第18周','2025-12-29 14:09:19','2025-12-29 14:09:19'),(6,'11691311','数据结构课程设计',3,1,1.0,'第19周','2025-12-29 14:09:19','2025-12-29 14:09:19'),(7,'11620312','操作系统实践',4,2,2.0,'第18-19周','2025-12-29 14:09:19','2025-12-29 14:09:19'),(8,'13520022','电子实践',4,10,2.0,'分散实习','2025-12-29 14:09:19','2025-12-29 14:09:19');
/*!40000 ALTER TABLE `practice_project` ENABLE KEYS */;
UNLOCK TABLES;

--
-- Table structure for table `question`
--

DROP TABLE IF EXISTS `question`;
/*!40101 SET @saved_cs_client     = @@character_set_client */;
/*!50503 SET character_set_client = utf8mb4 */;
CREATE TABLE `question` (
  `question_id` int NOT NULL AUTO_INCREMENT,
  `question_type` varchar(20) NOT NULL,
  `question_content` text NOT NULL,
  `kp_id` int NOT NULL,
  `difficulty` varchar(20) DEFAULT '???',
  `score` decimal(3,1) NOT NULL,
  `option_a` varchar(200) DEFAULT NULL,
  `option_b` varchar(200) DEFAULT NULL,
  `option_c` varchar(200) DEFAULT NULL,
  `option_d` varchar(200) DEFAULT NULL,
  `option_e` varchar(200) DEFAULT NULL,
  `correct_answer` text NOT NULL,
  `analysis` text,
  `is_used` tinyint DEFAULT '0',
  `create_time` datetime DEFAULT CURRENT_TIMESTAMP,
  `update_time` datetime DEFAULT CURRENT_TIMESTAMP ON UPDATE CURRENT_TIMESTAMP,
  PRIMARY KEY (`question_id`),
  KEY `idx_question_kp` (`kp_id`),
  KEY `idx_question_used` (`is_used`),
  KEY `idx_question_type` (`question_type`),
  CONSTRAINT `question_ibfk_1` FOREIGN KEY (`kp_id`) REFERENCES `knowledge_point` (`kp_id`) ON DELETE CASCADE ON UPDATE CASCADE
) ENGINE=InnoDB AUTO_INCREMENT=65 DEFAULT CHARSET=utf8mb4 COLLATE=utf8mb4_0900_ai_ci;
/*!40101 SET character_set_client = @saved_cs_client */;

--
-- Dumping data for table `question`
--

LOCK TABLES `question` WRITE;
/*!40000 ALTER TABLE `question` DISABLE KEYS */;
INSERT INTO `question` VALUES (2,'1','以下图处理系统中，以子图为计算粒度的系统是（ ）。',473,'中等',5.0,NULL,NULL,NULL,NULL,NULL,'C','',0,'2025-12-29 17:42:34','2025-12-29 17:42:34'),(3,'1','分布式图处理系统中的通信方式采用消息传递方式的是（ ）。',473,'中等',5.0,NULL,NULL,NULL,NULL,NULL,'B','',0,'2025-12-29 17:42:34','2025-12-29 18:56:22'),(4,'1','IT领域的第三次重大的变革的标志（ ）',497,'中等',5.0,NULL,NULL,NULL,NULL,NULL,'C','',0,'2025-12-29 17:42:34','2025-12-29 18:56:22'),(5,'1','Hadoop属于（）。',473,'中等',5.0,NULL,NULL,NULL,NULL,NULL,'D','',0,'2025-12-29 17:42:34','2025-12-29 17:42:34'),(6,'1','Spark属于（）。',473,'中等',5.0,NULL,NULL,NULL,NULL,NULL,'B','',0,'2025-12-29 17:42:34','2025-12-29 17:42:34'),(7,'1','In the following options, thefunction_________is used to count the number of rows in a table.',525,'中等',5.0,NULL,NULL,NULL,NULL,NULL,'D','',0,'2025-12-29 17:42:34','2025-12-29 18:56:22'),(8,'1','In the following options,thefunction_________is used to query the minimum value in a column.',525,'中等',5.0,NULL,NULL,NULL,NULL,NULL,'B','',0,'2025-12-29 17:42:34','2025-12-29 18:56:22'),(9,'1','In the following options, thefunction_________is used to calculate the average value of an attribute.',525,'中等',5.0,NULL,NULL,NULL,NULL,NULL,'D','',0,'2025-12-29 17:42:34','2025-12-29 18:56:22'),(10,'1','以下图处理系统中，不是以顶点为计算粒度的是：（ ）',473,'中等',5.0,NULL,NULL,NULL,NULL,NULL,'C','',0,'2025-12-29 17:42:34','2025-12-29 17:42:34'),(11,'1','What will be produced as the result of a query on set of relations?',525,'中等',5.0,NULL,NULL,NULL,NULL,NULL,'D','',0,'2025-12-29 17:42:34','2025-12-29 18:56:22'),(12,'1','What\'s the function of the Select operator?',502,'中等',5.0,NULL,NULL,NULL,NULL,NULL,'B','',0,'2025-12-29 17:42:34','2025-12-29 18:56:22'),(13,'1','What\'s the function of Project operator?',502,'中等',5.0,NULL,NULL,NULL,NULL,NULL,'C','',0,'2025-12-29 17:42:34','2025-12-29 18:56:22'),(14,'1','IT领域的第三次重大变革的标志是物联网、云计算和大数据的出现，此变革主要解决的问题是：（）',473,'中等',5.0,NULL,NULL,NULL,NULL,NULL,'C','',0,'2025-12-29 17:42:34','2025-12-29 18:56:22'),(15,'1','Flink属于( )。',525,'中等',5.0,NULL,NULL,NULL,NULL,NULL,'B','',0,'2025-12-29 17:42:34','2025-12-29 18:56:22'),(16,'1','Impala 属于（ ）。',473,'中等',5.0,NULL,NULL,NULL,NULL,NULL,'D','',0,'2025-12-29 17:42:34','2025-12-29 17:42:34'),(17,'1','下列哪个不属于 Hadoop 的特性（ ）',473,'中等',5.0,NULL,NULL,NULL,NULL,NULL,'A','',0,'2025-12-29 17:42:34','2025-12-29 17:42:34'),(18,'1','在 Hadoop平台中，MapReduce指的是什么（ ）',473,'中等',5.0,NULL,NULL,NULL,NULL,NULL,'B','',0,'2025-12-29 17:42:34','2025-12-29 17:42:34'),(19,'1','下⾯哪⼀项不属于Hadoop集群中的节点：（ ）',473,'中等',5.0,NULL,NULL,NULL,NULL,NULL,'C','',0,'2025-12-29 17:42:34','2025-12-29 17:42:34'),(20,'1','In the following options,thefunction_________is used to calculate the sum of a column.',525,'中等',5.0,NULL,NULL,NULL,NULL,NULL,'C','',0,'2025-12-29 17:42:34','2025-12-29 18:56:22'),(21,'1','以第四范式为解决问题的新模式，是指（ ）。',578,'中等',5.0,NULL,NULL,NULL,NULL,NULL,'C','',0,'2025-12-29 17:42:34','2025-12-29 18:56:22'),(22,'1','Storm属于（ ）。',473,'中等',5.0,NULL,NULL,NULL,NULL,NULL,'B','',0,'2025-12-29 17:42:34','2025-12-29 17:42:34'),(23,'1','GraphX属于（ ）。',473,'中等',5.0,NULL,NULL,NULL,NULL,NULL,'D','',0,'2025-12-29 17:42:34','2025-12-29 17:42:34'),(24,'1','IT领域的第一次重大变革的标志是个人计算机的出现，此变革主要解决的问题是：（）',497,'中等',5.0,NULL,NULL,NULL,NULL,NULL,'D','',0,'2025-12-29 17:42:34','2025-12-29 18:56:22'),(25,'1','IT领域的第二次重大变革的标志是互联网的出现，此变革主要解决的问题是：（）',497,'中等',5.0,NULL,NULL,NULL,NULL,NULL,'C','',0,'2025-12-29 17:42:34','2025-12-29 18:56:22'),(26,'1','IT领域的第一次重大的变革的标志：（ ）',497,'中等',5.0,NULL,NULL,NULL,NULL,NULL,'A','',0,'2025-12-29 17:42:34','2025-12-29 18:56:22'),(27,'1','IT领域的第二次重大的变革的标志：（ ）',497,'中等',5.0,NULL,NULL,NULL,NULL,NULL,'B','',0,'2025-12-29 17:42:34','2025-12-29 18:56:22'),(28,'1','在⼀个基本的 Hadoop 集群中，SecondaryNameNode 主要负责什么（ ）',473,'中等',5.0,NULL,NULL,NULL,NULL,NULL,'A','',0,'2025-12-29 17:42:34','2025-12-29 17:42:34'),(29,'1','在 Hadoop平台中，HDFS 指的是什么（ ）',473,'中等',5.0,NULL,NULL,NULL,NULL,NULL,'A','',0,'2025-12-29 17:42:34','2025-12-29 17:42:34'),(30,'1','Spark的实现语言是什么（ ）',473,'中等',5.0,NULL,NULL,NULL,NULL,NULL,'C','',0,'2025-12-29 17:42:34','2025-12-29 17:42:34'),(31,'1','Spark 计算框架的核心数据结构的是什么（ ）',473,'中等',5.0,NULL,NULL,NULL,NULL,NULL,'A','',0,'2025-12-29 17:42:34','2025-12-29 17:42:34'),(32,'1','Hadoop 最初是由谁创建的:（ ）',473,'中等',5.0,NULL,NULL,NULL,NULL,NULL,'A','',0,'2025-12-29 17:42:34','2025-12-29 17:42:34'),(33,'2','数据管理是整个计算机领域为数不多的既有（ ）、又有（ ）、还有（ ）的学科。',497,'中等',5.0,NULL,NULL,NULL,NULL,NULL,'ACD','',0,'2025-12-29 17:42:34','2025-12-29 18:56:22'),(34,'2','以下图处理系统中，以路径为计算粒度的系统是（ ）。',473,'中等',5.0,NULL,NULL,NULL,NULL,NULL,'BC','',0,'2025-12-29 17:42:34','2025-12-29 17:42:34'),(35,'2','以下分布式图处理系统中的通信方式采用共享内存的有（ ）。',473,'中等',5.0,NULL,NULL,NULL,NULL,NULL,'AC','',0,'2025-12-29 17:42:34','2025-12-29 18:56:22'),(36,'2','大数据分析的两大核心技术：（ ）',473,'中等',5.0,NULL,NULL,NULL,NULL,NULL,'AD','',0,'2025-12-29 17:42:34','2025-12-29 17:42:34'),(37,'2','云计算的关键技术（ ）',473,'中等',5.0,NULL,NULL,NULL,NULL,NULL,'ABCD','',0,'2025-12-29 17:42:34','2025-12-29 17:42:34'),(38,'2','Web 2.0 时代，数据的特点：（）',473,'中等',5.0,NULL,NULL,NULL,NULL,NULL,'AB','',0,'2025-12-29 17:42:34','2025-12-29 17:42:34'),(39,'2','大数据对传统思维方式的影响表现在哪些方面：（ ）',473,'中等',5.0,NULL,NULL,NULL,NULL,NULL,'ABD','',0,'2025-12-29 17:42:34','2025-12-29 17:42:34'),(40,'2','大数据计算模式：（）',473,'中等',5.0,NULL,NULL,NULL,NULL,NULL,'ABCD','',0,'2025-12-29 17:42:34','2025-12-29 18:56:22'),(41,'2','PowerGraph 系统是卡耐基梅隆大学提出的基于分布式共享内存的图处理系统，该系统首次提出并应用了GAS 模型,该模型将节点的计算逻辑细分为哪几个（  ）。',473,'中等',5.0,NULL,NULL,NULL,NULL,NULL,'ACD','',0,'2025-12-29 17:42:34','2025-12-29 18:56:22'),(42,'2','数据的产生方式的变化促成大数据时代来临,数据的产生方式的变化有：（）',473,'中等',5.0,NULL,NULL,NULL,NULL,NULL,'ABD','',0,'2025-12-29 17:42:34','2025-12-29 17:42:34'),(43,'2','数据库应用阶段，数据的特点：（）',473,'中等',5.0,NULL,NULL,NULL,NULL,NULL,'AC','',0,'2025-12-29 17:42:34','2025-12-29 17:42:34'),(44,'2','大数据管理系统正在经历的趋势包括（ ）',473,'中等',5.0,NULL,NULL,NULL,NULL,NULL,'BD','',0,'2025-12-29 17:42:34','2025-12-29 17:42:34'),(45,'2','大数据计算系统可以采用不同的计算模型， 常见的计算模型包括（ ）。',473,'中等',5.0,NULL,NULL,NULL,NULL,NULL,'ABCD','',0,'2025-12-29 17:42:34','2025-12-29 17:42:34'),(46,'2','计算机相关技术对大数据发展的作用，主要有哪些方面？',473,'中等',5.0,NULL,NULL,NULL,NULL,NULL,'ABC','',0,'2025-12-29 17:42:34','2025-12-29 17:42:34'),(47,'2','大数据的三种来源主要包括（ ）',473,'中等',5.0,NULL,NULL,NULL,NULL,NULL,'ABC','',0,'2025-12-29 17:42:34','2025-12-29 17:42:34'),(48,'2','图数据划分是进行分布式图处理的基础,划分结果的好坏严重影响着分布式图处理系统的性能.分布式图处理系统在对图数据进行划分时,主要采用了两种划分方式是（ ）。',473,'中等',5.0,NULL,NULL,NULL,NULL,NULL,'AD','',0,'2025-12-29 17:42:34','2025-12-29 18:56:22'),(49,'2','分布式图处理系统对图数据进行划分时主要采用的划分策略包括（ ）。',473,'中等',5.0,NULL,NULL,NULL,NULL,NULL,'ABD','',0,'2025-12-29 17:42:34','2025-12-29 18:56:22'),(50,'3','大数据不是单一的一种技术或者产品，它是所有与数据相关的综合学科。（ ）',473,'中等',5.0,NULL,NULL,NULL,NULL,NULL,'1','',0,'2025-12-29 17:42:34','2025-12-29 17:42:34'),(51,'3','众包和群智感知技术通过协调一个群体（通过互联网）做“微工作”，来解决软件或个人难以解决的问题。（ ）',473,'中等',5.0,NULL,NULL,NULL,NULL,NULL,'1','',0,'2025-12-29 17:42:34','2025-12-29 17:42:34'),(52,'3','众包(Crowdsourcing)由固定的一群参与者来在线完成某项任务。（ ）',473,'中等',5.0,NULL,NULL,NULL,NULL,NULL,'0','',0,'2025-12-29 17:42:34','2025-12-29 17:42:34'),(53,'3','Hadoop平台上MapReduce任务之间可以通过缓存实现数据共享。（ ）',473,'中等',5.0,NULL,NULL,NULL,NULL,NULL,'0','',0,'2025-12-29 17:42:34','2025-12-29 17:42:34'),(54,'3','Hadoop可以实现计算模式的多元化及实时性要求。（ ）',473,'中等',5.0,NULL,NULL,NULL,NULL,NULL,'0','',0,'2025-12-29 17:42:34','2025-12-29 17:42:34'),(55,'3','Hadoop框架是用Java实现的，所以MapReduce应用程序一定要用Java来写。（ ）',473,'中等',5.0,NULL,NULL,NULL,NULL,NULL,'0','',0,'2025-12-29 17:42:34','2025-12-29 17:42:34'),(56,'3','Nutch和Scrapy是两个流行的网络爬虫，都是为搜索引擎设计的爬虫。（ ）',473,'中等',5.0,NULL,NULL,NULL,NULL,NULL,'0','',0,'2025-12-29 17:42:34','2025-12-29 17:42:34'),(57,'3','MapReduce设计的一个理念就是\"计算向数据靠拢\"。（ ）',473,'中等',5.0,NULL,NULL,NULL,NULL,NULL,'1','',0,'2025-12-29 17:42:34','2025-12-29 17:42:34'),(58,'3','Spark中的变换算子并不是运行到相应语句时立即执行，而是遇到行动（Action）算子语句时，才会触发Spark的任务调度开始进行计算. （ ）',473,'中等',5.0,NULL,NULL,NULL,NULL,NULL,'1','',0,'2025-12-29 17:42:34','2025-12-29 17:42:34'),(59,'3','MapReduce框架中的JobTracker与TaskTracker在任务执行的过程中不进行通信。（ ）',473,'中等',5.0,NULL,NULL,NULL,NULL,NULL,'0','',0,'2025-12-29 17:42:34','2025-12-29 17:42:34');
/*!40000 ALTER TABLE `question` ENABLE KEYS */;
UNLOCK TABLES;

--
-- Table structure for table `question_backup`
--

DROP TABLE IF EXISTS `question_backup`;
/*!40101 SET @saved_cs_client     = @@character_set_client */;
/*!50503 SET character_set_client = utf8mb4 */;
CREATE TABLE `question_backup` (
  `question_id` int NOT NULL DEFAULT '0',
  `question_type` int NOT NULL COMMENT '题目类型：1-单选题，2-多选题，3-判断题，4-填空题，5-简答题',
  `question_content` text NOT NULL COMMENT '题目内容',
  `kp_id` int NOT NULL COMMENT '所属知识点',
  `difficulty` enum('简单','中等','困难') DEFAULT '中等' COMMENT '题目难度',
  `score` decimal(3,1) NOT NULL COMMENT '题目分值',
  `option_a` varchar(200) DEFAULT NULL COMMENT '选项A，仅用于选择题',
  `option_b` varchar(200) DEFAULT NULL COMMENT '选项B，仅用于选择题',
  `option_c` varchar(200) DEFAULT NULL COMMENT '选项C，仅用于选择题',
  `option_d` varchar(200) DEFAULT NULL COMMENT '选项D，仅用于选择题',
  `option_e` varchar(200) DEFAULT NULL COMMENT '选项E，仅用于选择题',
  `correct_answer` text NOT NULL COMMENT '正确答案',
  `analysis` text COMMENT '答案解析',
  `is_used` tinyint DEFAULT '0' COMMENT '是否被使用：0-未使用，1-已使用',
  `create_time` datetime DEFAULT CURRENT_TIMESTAMP,
  `update_time` datetime DEFAULT CURRENT_TIMESTAMP ON UPDATE CURRENT_TIMESTAMP
) ENGINE=InnoDB DEFAULT CHARSET=utf8mb4 COLLATE=utf8mb4_0900_ai_ci;
/*!40101 SET character_set_client = @saved_cs_client */;

--
-- Dumping data for table `question_backup`
--

LOCK TABLES `question_backup` WRITE;
/*!40000 ALTER TABLE `question_backup` DISABLE KEYS */;
/*!40000 ALTER TABLE `question_backup` ENABLE KEYS */;
UNLOCK TABLES;

--
-- Table structure for table `question_bank`
--

DROP TABLE IF EXISTS `question_bank`;
/*!40101 SET @saved_cs_client     = @@character_set_client */;
/*!50503 SET character_set_client = utf8mb4 */;
CREATE TABLE `question_bank` (
  `question_id` int NOT NULL AUTO_INCREMENT,
  `question_content` text NOT NULL COMMENT '试题内容',
  `kp_id` int NOT NULL COMMENT '所属知识点',
  `question_type_id` int NOT NULL COMMENT '题型ID',
  `question_difficulty` enum('易','中','难') DEFAULT '中' COMMENT '难度级别',
  `question_score` decimal(3,1) DEFAULT '5.0' COMMENT '分值',
  `option_a` varchar(200) DEFAULT NULL COMMENT '选项A',
  `option_b` varchar(200) DEFAULT NULL COMMENT '选项B',
  `option_c` varchar(200) DEFAULT NULL COMMENT '选项C',
  `option_d` varchar(200) DEFAULT NULL COMMENT '选项D',
  `option_e` varchar(200) DEFAULT NULL COMMENT '选项E',
  `correct_answer` text NOT NULL COMMENT '正确答案',
  `question_analysis` text COMMENT '试题解析',
  `create_time` datetime DEFAULT CURRENT_TIMESTAMP,
  `update_time` datetime DEFAULT CURRENT_TIMESTAMP ON UPDATE CURRENT_TIMESTAMP,
  PRIMARY KEY (`question_id`),
  KEY `idx_question_kp` (`kp_id`),
  KEY `idx_question_type` (`question_type_id`),
  CONSTRAINT `question_bank_ibfk_1` FOREIGN KEY (`kp_id`) REFERENCES `knowledge_point` (`kp_id`) ON DELETE CASCADE,
  CONSTRAINT `question_bank_ibfk_2` FOREIGN KEY (`question_type_id`) REFERENCES `question_type` (`type_id`) ON DELETE RESTRICT
) ENGINE=InnoDB AUTO_INCREMENT=91 DEFAULT CHARSET=utf8mb4 COLLATE=utf8mb4_0900_ai_ci COMMENT='试题库';
/*!40101 SET character_set_client = @saved_cs_client */;

--
-- Dumping data for table `question_bank`
--

LOCK TABLES `question_bank` WRITE;
/*!40000 ALTER TABLE `question_bank` DISABLE KEYS */;
/*!40000 ALTER TABLE `question_bank` ENABLE KEYS */;
UNLOCK TABLES;

--
-- Table structure for table `question_category`
--

DROP TABLE IF EXISTS `question_category`;
/*!40101 SET @saved_cs_client     = @@character_set_client */;
/*!50503 SET character_set_client = utf8mb4 */;
CREATE TABLE `question_category` (
  `category_id` int NOT NULL AUTO_INCREMENT COMMENT '??ID',
  `category_name` varchar(100) NOT NULL COMMENT '????',
  `description` text COMMENT '????',
  `parent_category_id` int DEFAULT NULL COMMENT '???ID???????',
  `category_order` int NOT NULL DEFAULT '0' COMMENT '????',
  `is_active` tinyint(1) NOT NULL DEFAULT '1' COMMENT '?????1-???0-???',
  `create_time` datetime NOT NULL DEFAULT CURRENT_TIMESTAMP COMMENT '????',
  `update_time` datetime NOT NULL DEFAULT CURRENT_TIMESTAMP ON UPDATE CURRENT_TIMESTAMP COMMENT '????',
  PRIMARY KEY (`category_id`),
  KEY `parent_category_id` (`parent_category_id`),
  CONSTRAINT `question_category_ibfk_1` FOREIGN KEY (`parent_category_id`) REFERENCES `question_category` (`category_id`) ON DELETE CASCADE
) ENGINE=InnoDB AUTO_INCREMENT=14 DEFAULT CHARSET=utf8mb4 COLLATE=utf8mb4_0900_ai_ci COMMENT='?????';
/*!40101 SET character_set_client = @saved_cs_client */;

--
-- Dumping data for table `question_category`
--

LOCK TABLES `question_category` WRITE;
/*!40000 ALTER TABLE `question_category` DISABLE KEYS */;
INSERT INTO `question_category` VALUES (11,'基础知识','课程基础知识题目',NULL,1,1,'2025-12-29 18:07:19','2025-12-29 18:07:19'),(12,'应用能力','应用能力题目',NULL,2,1,'2025-12-29 18:07:19','2025-12-29 18:07:19'),(13,'综合分析','综合分析题目',NULL,3,1,'2025-12-29 18:07:19','2025-12-29 18:07:19');
/*!40000 ALTER TABLE `question_category` ENABLE KEYS */;
UNLOCK TABLES;

--
-- Table structure for table `question_import_export_log`
--

DROP TABLE IF EXISTS `question_import_export_log`;
/*!40101 SET @saved_cs_client     = @@character_set_client */;
/*!50503 SET character_set_client = utf8mb4 */;
CREATE TABLE `question_import_export_log` (
  `log_id` int NOT NULL AUTO_INCREMENT COMMENT '??ID',
  `operation_type` varchar(20) NOT NULL COMMENT '?????import-???export-???',
  `file_name` varchar(255) NOT NULL COMMENT '???',
  `file_path` varchar(500) NOT NULL COMMENT '????',
  `record_count` int NOT NULL COMMENT '????',
  `success_count` int NOT NULL COMMENT '????',
  `failure_count` int NOT NULL COMMENT '????',
  `operator_id` int DEFAULT NULL COMMENT '???ID',
  `operation_time` datetime NOT NULL DEFAULT CURRENT_TIMESTAMP COMMENT '????',
  `remark` text COMMENT '??',
  PRIMARY KEY (`log_id`)
) ENGINE=InnoDB DEFAULT CHARSET=utf8mb4 COLLATE=utf8mb4_0900_ai_ci COMMENT='?????????';
/*!40101 SET character_set_client = @saved_cs_client */;

--
-- Dumping data for table `question_import_export_log`
--

LOCK TABLES `question_import_export_log` WRITE;
/*!40000 ALTER TABLE `question_import_export_log` DISABLE KEYS */;
/*!40000 ALTER TABLE `question_import_export_log` ENABLE KEYS */;
UNLOCK TABLES;

--
-- Table structure for table `question_option`
--

DROP TABLE IF EXISTS `question_option`;
/*!40101 SET @saved_cs_client     = @@character_set_client */;
/*!50503 SET character_set_client = utf8mb4 */;
CREATE TABLE `question_option` (
  `option_id` int NOT NULL AUTO_INCREMENT COMMENT '??ID',
  `question_id` int NOT NULL COMMENT '????ID',
  `option_text` text NOT NULL COMMENT '????',
  `option_order` int NOT NULL COMMENT '????',
  `is_correct` tinyint(1) NOT NULL DEFAULT '0' COMMENT '???????0-???1-???',
  `create_time` datetime NOT NULL DEFAULT CURRENT_TIMESTAMP COMMENT '????',
  `update_time` datetime NOT NULL DEFAULT CURRENT_TIMESTAMP ON UPDATE CURRENT_TIMESTAMP COMMENT '????',
  PRIMARY KEY (`option_id`),
  KEY `question_id` (`question_id`),
  CONSTRAINT `question_option_ibfk_1` FOREIGN KEY (`question_id`) REFERENCES `question` (`question_id`) ON DELETE CASCADE
) ENGINE=InnoDB AUTO_INCREMENT=193 DEFAULT CHARSET=utf8mb4 COLLATE=utf8mb4_0900_ai_ci COMMENT='?????';
/*!40101 SET character_set_client = @saved_cs_client */;

--
-- Dumping data for table `question_option`
--

LOCK TABLES `question_option` WRITE;
/*!40000 ALTER TABLE `question_option` DISABLE KEYS */;
INSERT INTO `question_option` VALUES (1,2,'Giraph',1,0,'2025-12-29 17:42:34','2025-12-29 17:42:34'),(2,2,'Pregel',2,0,'2025-12-29 17:42:34','2025-12-29 17:42:34'),(3,2,'GraphHP',3,1,'2025-12-29 17:42:34','2025-12-29 17:42:34'),(4,2,'PathGraph',4,0,'2025-12-29 17:42:34','2025-12-29 17:42:34'),(5,3,'PowerGraph',1,0,'2025-12-29 17:42:34','2025-12-29 17:42:34'),(6,3,'Giraph',2,1,'2025-12-29 17:42:34','2025-12-29 17:42:34'),(7,3,'PowerSwitch',3,0,'2025-12-29 17:42:34','2025-12-29 17:42:34'),(8,3,'GraphSteal',4,0,'2025-12-29 17:42:34','2025-12-29 17:42:34'),(9,4,'个人计算机',1,0,'2025-12-29 17:42:34','2025-12-29 17:42:34'),(10,4,'互联网',2,0,'2025-12-29 17:42:34','2025-12-29 17:42:34'),(11,4,'大数据',3,1,'2025-12-29 17:42:34','2025-12-29 17:42:34'),(12,4,'区块链',4,0,'2025-12-29 17:42:34','2025-12-29 17:42:34'),(13,5,'交互式计',1,0,'2025-12-29 17:42:34','2025-12-29 17:42:34'),(14,5,'流计算',2,0,'2025-12-29 17:42:34','2025-12-29 17:42:34'),(15,5,'迭代计算',3,0,'2025-12-29 17:42:34','2025-12-29 17:42:34'),(16,5,'批计算',4,1,'2025-12-29 17:42:34','2025-12-29 17:42:34'),(17,6,'流计算',1,0,'2025-12-29 17:42:34','2025-12-29 17:42:34'),(18,6,'批计算',2,1,'2025-12-29 17:42:34','2025-12-29 17:42:34'),(19,6,'交互计算',3,0,'2025-12-29 17:42:34','2025-12-29 17:42:34'),(20,6,'迭代计算',4,0,'2025-12-29 17:42:34','2025-12-29 17:42:34'),(21,7,'MAX()',1,0,'2025-12-29 17:42:34','2025-12-29 17:42:34'),(22,7,'MIN()',2,0,'2025-12-29 17:42:34','2025-12-29 17:42:34'),(23,7,'AVG()',3,0,'2025-12-29 17:42:34','2025-12-29 17:42:34'),(24,7,'COUNT()',4,1,'2025-12-29 17:42:34','2025-12-29 17:42:34'),(25,8,'MAX()',1,0,'2025-12-29 17:42:34','2025-12-29 17:42:34'),(26,8,'MIN()',2,1,'2025-12-29 17:42:34','2025-12-29 17:42:34'),(27,8,'AVG()',3,0,'2025-12-29 17:42:34','2025-12-29 17:42:34'),(28,8,'Length()',4,0,'2025-12-29 17:42:34','2025-12-29 17:42:34'),(29,9,'MAX()',1,0,'2025-12-29 17:42:34','2025-12-29 17:42:34'),(30,9,'MIN()',2,0,'2025-12-29 17:42:34','2025-12-29 17:42:34'),(31,9,'SUM()',3,0,'2025-12-29 17:42:34','2025-12-29 17:42:34'),(32,9,'AVG()',4,1,'2025-12-29 17:42:34','2025-12-29 17:42:34'),(33,10,'Giraph',1,0,'2025-12-29 17:42:34','2025-12-29 17:42:34'),(34,10,'Pregel',2,0,'2025-12-29 17:42:34','2025-12-29 17:42:34'),(35,10,'GraphHP',3,1,'2025-12-29 17:42:34','2025-12-29 17:42:34'),(36,10,'Hama',4,0,'2025-12-29 17:42:34','2025-12-29 17:42:34'),(37,11,'One tuple',1,0,'2025-12-29 17:42:34','2025-12-29 17:42:34'),(38,11,'A number of attributea',2,0,'2025-12-29 17:42:34','2025-12-29 17:42:34'),(39,11,'One attribute',3,0,'2025-12-29 17:42:34','2025-12-29 17:42:34'),(40,11,'Relation',4,1,'2025-12-29 17:42:34','2025-12-29 17:42:34'),(41,12,'pick up certain attributes',1,0,'2025-12-29 17:42:34','2025-12-29 17:42:34'),(42,12,'pick up certain rows',2,1,'2025-12-29 17:42:34','2025-12-29 17:42:34'),(43,12,'pick up one row',3,0,'2025-12-29 17:42:34','2025-12-29 17:42:34'),(44,12,'pick up one attribute',4,0,'2025-12-29 17:42:34','2025-12-29 17:42:34'),(45,13,'pick up one row',1,0,'2025-12-29 17:42:34','2025-12-29 17:42:34'),(46,13,'pick up certain rows',2,0,'2025-12-29 17:42:34','2025-12-29 17:42:34'),(47,13,'pick up certain columns',3,1,'2025-12-29 17:42:34','2025-12-29 17:42:34'),(48,13,'pick up one column',4,0,'2025-12-29 17:42:34','2025-12-29 17:42:34'),(49,14,'信息表示',1,0,'2025-12-29 17:42:34','2025-12-29 17:42:34'),(50,14,'信息传输',2,0,'2025-12-29 17:42:34','2025-12-29 17:42:34'),(51,14,'信息爆炸',3,1,'2025-12-29 17:42:34','2025-12-29 17:42:34'),(52,14,'信息处理',4,0,'2025-12-29 17:42:34','2025-12-29 17:42:34'),(53,15,'批计算',1,0,'2025-12-29 17:42:34','2025-12-29 17:42:34'),(54,15,'流计算',2,1,'2025-12-29 17:42:34','2025-12-29 17:42:34'),(55,15,'交互计算',3,0,'2025-12-29 17:42:34','2025-12-29 17:42:34'),(56,15,'迭代计算',4,0,'2025-12-29 17:42:34','2025-12-29 17:42:34'),(57,16,'批计算',1,0,'2025-12-29 17:42:34','2025-12-29 17:42:34'),(58,16,'流计算',2,0,'2025-12-29 17:42:34','2025-12-29 17:42:34'),(59,16,'迭代计算',3,0,'2025-12-29 17:42:34','2025-12-29 17:42:34'),(60,16,'交互计算',4,1,'2025-12-29 17:42:34','2025-12-29 17:42:34'),(61,17,'成本⾼',1,1,'2025-12-29 17:42:34','2025-12-29 17:42:34'),(62,17,'⾼可靠性',2,0,'2025-12-29 17:42:34','2025-12-29 17:42:34'),(63,17,'⾼容错性',3,0,'2025-12-29 17:42:34','2025-12-29 17:42:34'),(64,17,'运⾏在 Linux 平台上',4,0,'2025-12-29 17:42:34','2025-12-29 17:42:34'),(65,18,'分布式⽂件系统',1,0,'2025-12-29 17:42:34','2025-12-29 17:42:34'),(66,18,'分布式并⾏编程模型',2,1,'2025-12-29 17:42:34','2025-12-29 17:42:34'),(67,18,'资源管理和调度器',3,0,'2025-12-29 17:42:34','2025-12-29 17:42:34'),(68,18,'Hadoop 上的数据仓库',4,0,'2025-12-29 17:42:34','2025-12-29 17:42:34'),(69,19,'主节点(Master Node)',1,0,'2025-12-29 17:42:34','2025-12-29 17:42:34'),(70,19,'名称结点(NameNode)',2,0,'2025-12-29 17:42:34','2025-12-29 17:42:34'),(71,19,'源节点（SourceNode）',3,1,'2025-12-29 17:42:34','2025-12-29 17:42:34'),(72,19,'节点（Slave Node）',4,0,'2025-12-29 17:42:34','2025-12-29 17:42:34'),(73,20,'MAX()',1,0,'2025-12-29 17:42:34','2025-12-29 17:42:34'),(74,20,'MIN()',2,0,'2025-12-29 17:42:34','2025-12-29 17:42:34'),(75,20,'SUM()',3,1,'2025-12-29 17:42:34','2025-12-29 17:42:34'),(76,20,'AVG()',4,0,'2025-12-29 17:42:34','2025-12-29 17:42:34'),(77,21,'实验观察',1,0,'2025-12-29 17:42:34','2025-12-29 17:42:34'),(78,21,'理论推导',2,0,'2025-12-29 17:42:34','2025-12-29 17:42:34'),(79,21,'数据驱动',3,1,'2025-12-29 17:42:34','2025-12-29 17:42:34'),(80,21,'计算机模拟',4,0,'2025-12-29 17:42:34','2025-12-29 17:42:34'),(81,22,'批计算',1,0,'2025-12-29 17:42:34','2025-12-29 17:42:34'),(82,22,'流计算',2,1,'2025-12-29 17:42:34','2025-12-29 17:42:34'),(83,22,'交互计算',3,0,'2025-12-29 17:42:34','2025-12-29 17:42:34'),(84,22,'迭代计算',4,0,'2025-12-29 17:42:34','2025-12-29 17:42:34'),(85,23,'批计算',1,0,'2025-12-29 17:42:34','2025-12-29 17:42:34'),(86,23,'流计算',2,0,'2025-12-29 17:42:34','2025-12-29 17:42:34'),(87,23,'交互计算',3,0,'2025-12-29 17:42:34','2025-12-29 17:42:34'),(88,23,'迭代计算',4,1,'2025-12-29 17:42:34','2025-12-29 17:42:34'),(89,24,'信息传输',1,0,'2025-12-29 17:42:34','2025-12-29 17:42:34'),(90,24,'信息爆炸',2,0,'2025-12-29 17:42:34','2025-12-29 17:42:34'),(91,24,'信息表示',3,0,'2025-12-29 17:42:34','2025-12-29 17:42:34'),(92,24,'信息处理',4,1,'2025-12-29 17:42:34','2025-12-29 17:42:34'),(93,25,'信息表示',1,0,'2025-12-29 17:42:34','2025-12-29 17:42:34'),(94,25,'信息处理',2,0,'2025-12-29 17:42:34','2025-12-29 17:42:34'),(95,25,'信息传输',3,1,'2025-12-29 17:42:34','2025-12-29 17:42:34'),(96,25,'信息爆炸',4,0,'2025-12-29 17:42:34','2025-12-29 17:42:34'),(97,26,'个人计算机',1,1,'2025-12-29 17:42:34','2025-12-29 17:42:34'),(98,26,'互联网',2,0,'2025-12-29 17:42:34','2025-12-29 17:42:34'),(99,26,'大数据',3,0,'2025-12-29 17:42:34','2025-12-29 17:42:34'),(100,26,'区块链',4,0,'2025-12-29 17:42:34','2025-12-29 17:42:34'),(101,27,'个人计算机',1,0,'2025-12-29 17:42:34','2025-12-29 17:42:34'),(102,27,'互联网',2,1,'2025-12-29 17:42:34','2025-12-29 17:42:34'),(103,27,'大数据',3,0,'2025-12-29 17:42:34','2025-12-29 17:42:34'),(104,27,'区块链',4,0,'2025-12-29 17:42:34','2025-12-29 17:42:34'),(105,28,'帮助 NameNode 收集⽂件系统运⾏的状态信息',1,1,'2025-12-29 17:42:34','2025-12-29 17:42:34'),(106,28,'负责执⾏由 JobTracker 指派的任务',2,0,'2025-12-29 17:42:34','2025-12-29 17:42:34'),(107,28,'协调数据计算任务',3,0,'2025-12-29 17:42:34','2025-12-29 17:42:34'),(108,28,'负责协调集群中的数据存储',4,0,'2025-12-29 17:42:34','2025-12-29 17:42:34'),(109,29,'分布式⽂件系统',1,1,'2025-12-29 17:42:34','2025-12-29 17:42:34'),(110,29,'分布式并⾏编程模型',2,0,'2025-12-29 17:42:34','2025-12-29 17:42:34'),(111,29,'资源管理和调度器',3,0,'2025-12-29 17:42:34','2025-12-29 17:42:34'),(112,29,'Hadoop 上的数据仓库',4,0,'2025-12-29 17:42:34','2025-12-29 17:42:34'),(113,30,'Java',1,0,'2025-12-29 17:42:34','2025-12-29 17:42:34'),(114,30,'C++',2,0,'2025-12-29 17:42:34','2025-12-29 17:42:34'),(115,30,'Scala',3,1,'2025-12-29 17:42:34','2025-12-29 17:42:34'),(116,30,'Python',4,0,'2025-12-29 17:42:34','2025-12-29 17:42:34'),(117,31,'RDD',1,1,'2025-12-29 17:42:34','2025-12-29 17:42:34'),(118,31,'Set',2,0,'2025-12-29 17:42:34','2025-12-29 17:42:34'),(119,31,'Hash',3,0,'2025-12-29 17:42:34','2025-12-29 17:42:34'),(120,31,'List',4,0,'2025-12-29 17:42:34','2025-12-29 17:42:34'),(121,32,'Doug Cutting',1,1,'2025-12-29 17:42:34','2025-12-29 17:42:34'),(122,32,'Steve Jobs',2,0,'2025-12-29 17:42:34','2025-12-29 17:42:34'),(123,32,'Larry Page',3,0,'2025-12-29 17:42:34','2025-12-29 17:42:34'),(124,32,'Jerry Yang',4,0,'2025-12-29 17:42:34','2025-12-29 17:42:34'),(125,33,'产业支撑',1,1,'2025-12-29 17:42:34','2025-12-29 17:42:34'),(126,33,'数据治理',2,0,'2025-12-29 17:42:34','2025-12-29 17:42:34'),(127,33,'系统软件研制',3,1,'2025-12-29 17:42:34','2025-12-29 17:42:34'),(128,33,'基础理论研究',4,1,'2025-12-29 17:42:34','2025-12-29 17:42:34'),(129,34,'PowerGraph',1,0,'2025-12-29 17:42:34','2025-12-29 17:42:34'),(130,34,'X-Stream',2,1,'2025-12-29 17:42:34','2025-12-29 17:42:34'),(131,34,'PathGraph',3,1,'2025-12-29 17:42:34','2025-12-29 17:42:34'),(132,34,'Hama',4,0,'2025-12-29 17:42:34','2025-12-29 17:42:34'),(133,35,'PowerGraph',1,1,'2025-12-29 17:42:34','2025-12-29 17:42:34'),(134,35,'Pregel',2,0,'2025-12-29 17:42:34','2025-12-29 17:42:34'),(135,35,'GraphSteal',3,1,'2025-12-29 17:42:34','2025-12-29 17:42:34'),(136,35,'Hama',4,0,'2025-12-29 17:42:34','2025-12-29 17:42:34'),(137,36,'分布式存储',1,1,'2025-12-29 17:42:34','2025-12-29 17:42:34'),(138,36,'数据处理和分析',2,0,'2025-12-29 17:42:34','2025-12-29 17:42:34'),(139,36,'数据存储和管理',3,0,'2025-12-29 17:42:34','2025-12-29 17:42:34'),(140,36,'分布式计算',4,1,'2025-12-29 17:42:34','2025-12-29 17:42:34'),(141,37,'分布式存储',1,1,'2025-12-29 17:42:34','2025-12-29 17:42:34'),(142,37,'虚拟化',2,1,'2025-12-29 17:42:34','2025-12-29 17:42:34'),(143,37,'分布式计算',3,1,'2025-12-29 17:42:34','2025-12-29 17:42:34'),(144,37,'多租户',4,1,'2025-12-29 17:42:34','2025-12-29 17:42:34'),(145,38,'主动产生',1,1,'2025-12-29 17:42:34','2025-12-29 17:42:34'),(146,38,'非结构化数据',2,1,'2025-12-29 17:42:34','2025-12-29 17:42:34'),(147,38,'被动产生',3,0,'2025-12-29 17:42:34','2025-12-29 17:42:34'),(148,38,'结构化数据',4,0,'2025-12-29 17:42:34','2025-12-29 17:42:34'),(149,39,'全样而非抽样',1,1,'2025-12-29 17:42:34','2025-12-29 17:42:34'),(150,39,'效率而非精确',2,1,'2025-12-29 17:42:34','2025-12-29 17:42:34'),(151,39,'数据深度挖掘而非模型',3,0,'2025-12-29 17:42:34','2025-12-29 17:42:34'),(152,39,'相关而非因果',4,1,'2025-12-29 17:42:34','2025-12-29 17:42:34'),(153,40,'批处理模式',1,1,'2025-12-29 17:42:34','2025-12-29 17:42:34'),(154,40,'流处理模式',2,1,'2025-12-29 17:42:34','2025-12-29 17:42:34'),(155,40,'图计算模式',3,1,'2025-12-29 17:42:34','2025-12-29 17:42:34'),(156,40,'查询分析模式',4,1,'2025-12-29 17:42:34','2025-12-29 17:42:34'),(157,41,'收集阶段(gather)',1,1,'2025-12-29 17:42:34','2025-12-29 17:42:34'),(158,41,'计算阶段（computing）',2,0,'2025-12-29 17:42:34','2025-12-29 17:42:34'),(159,41,'应用阶段(apply)',3,1,'2025-12-29 17:42:34','2025-12-29 17:42:34'),(160,41,'分发阶段(scatter)',4,1,'2025-12-29 17:42:34','2025-12-29 17:42:34'),(161,42,'数据库应用阶段--收据被动采集',1,1,'2025-12-29 17:42:34','2025-12-29 17:42:34'),(162,42,'Web 2.0 时代--数据主动产生',2,1,'2025-12-29 17:42:34','2025-12-29 17:42:34'),(163,42,'互联阶段--数据共享',3,0,'2025-12-29 17:42:34','2025-12-29 17:42:34'),(164,42,'社会感知时代--万物互联，数据爆炸性增长',4,1,'2025-12-29 17:42:34','2025-12-29 17:42:34'),(165,43,'被动产生',1,1,'2025-12-29 17:42:34','2025-12-29 17:42:34'),(166,43,'非结构化数据',2,0,'2025-12-29 17:42:34','2025-12-29 17:42:34'),(167,43,'结构化数据',3,1,'2025-12-29 17:42:34','2025-12-29 17:42:34'),(168,43,'主动产生',4,0,'2025-12-29 17:42:34','2025-12-29 17:42:34'),(169,44,'规模不断增加',1,0,'2025-12-29 17:42:34','2025-12-29 17:42:34'),(170,44,'以软件为中心到以数据为中心的计算平台的变迁',2,1,'2025-12-29 17:42:34','2025-12-29 17:42:34'),(171,44,'系统更加复杂',3,0,'2025-12-29 17:42:34','2025-12-29 17:42:34'),(172,44,'基础设施化',4,1,'2025-12-29 17:42:34','2025-12-29 17:42:34'),(173,45,'批计算',1,1,'2025-12-29 17:42:34','2025-12-29 17:42:34'),(174,45,'流计算',2,1,'2025-12-29 17:42:34','2025-12-29 17:42:34'),(175,45,'迭代计算',3,1,'2025-12-29 17:42:34','2025-12-29 17:42:34'),(176,45,'交互式计算',4,1,'2025-12-29 17:42:34','2025-12-29 17:42:34'),(177,46,'存储成本降低',1,1,'2025-12-29 17:42:34','2025-12-29 17:42:34'),(178,46,'CPU 处理能力提高',2,1,'2025-12-29 17:42:34','2025-12-29 17:42:34'),(179,46,'网络带宽的不断增加',3,1,'2025-12-29 17:42:34','2025-12-29 17:42:34'),(180,46,'数据的爆炸性增长',4,0,'2025-12-29 17:42:34','2025-12-29 17:42:34'),(181,47,'现实世界',1,1,'2025-12-29 17:42:34','2025-12-29 17:42:34'),(182,47,'人类社会',2,1,'2025-12-29 17:42:34','2025-12-29 17:42:34'),(183,47,'信息空间',3,1,'2025-12-29 17:42:34','2025-12-29 17:42:34'),(184,47,'深网数据',4,0,'2025-12-29 17:42:34','2025-12-29 17:42:34'),(185,48,'点切分',1,1,'2025-12-29 17:42:34','2025-12-29 17:42:34'),(186,48,'路径切分',2,0,'2025-12-29 17:42:34','2025-12-29 17:42:34'),(187,48,'子图切分',3,0,'2025-12-29 17:42:34','2025-12-29 17:42:34'),(188,48,'边切分',4,1,'2025-12-29 17:42:34','2025-12-29 17:42:34'),(189,49,'流式划分策略',1,1,'2025-12-29 17:42:34','2025-12-29 17:42:34'),(190,49,'离线划分策略',2,1,'2025-12-29 17:42:34','2025-12-29 17:42:34'),(191,49,'全局划分策略',3,0,'2025-12-29 17:42:34','2025-12-29 17:42:34'),(192,49,'动态重划分策略',4,1,'2025-12-29 17:42:34','2025-12-29 17:42:34');
/*!40000 ALTER TABLE `question_option` ENABLE KEYS */;
UNLOCK TABLES;

--
-- Table structure for table `question_statistics`
--

DROP TABLE IF EXISTS `question_statistics`;
/*!40101 SET @saved_cs_client     = @@character_set_client */;
/*!50503 SET character_set_client = utf8mb4 */;
CREATE TABLE `question_statistics` (
  `stat_id` int NOT NULL AUTO_INCREMENT COMMENT '??ID',
  `question_id` int NOT NULL COMMENT '??ID',
  `usage_count` int NOT NULL DEFAULT '0' COMMENT '????',
  `correct_count` int NOT NULL DEFAULT '0' COMMENT '????',
  `incorrect_count` int NOT NULL DEFAULT '0' COMMENT '????',
  `correct_rate` double NOT NULL DEFAULT '0' COMMENT '???',
  `last_used_time` datetime DEFAULT NULL COMMENT '??????',
  `create_time` datetime NOT NULL DEFAULT CURRENT_TIMESTAMP COMMENT '????',
  `update_time` datetime NOT NULL DEFAULT CURRENT_TIMESTAMP ON UPDATE CURRENT_TIMESTAMP COMMENT '????',
  PRIMARY KEY (`stat_id`),
  KEY `question_id` (`question_id`),
  CONSTRAINT `question_statistics_ibfk_1` FOREIGN KEY (`question_id`) REFERENCES `question` (`question_id`) ON DELETE CASCADE
) ENGINE=InnoDB AUTO_INCREMENT=59 DEFAULT CHARSET=utf8mb4 COLLATE=utf8mb4_0900_ai_ci COMMENT='?????';
/*!40101 SET character_set_client = @saved_cs_client */;

--
-- Dumping data for table `question_statistics`
--

LOCK TABLES `question_statistics` WRITE;
/*!40000 ALTER TABLE `question_statistics` DISABLE KEYS */;
INSERT INTO `question_statistics` VALUES (1,2,0,0,0,0,NULL,'2025-12-29 17:42:34','2025-12-29 17:42:34'),(2,3,0,0,0,0,NULL,'2025-12-29 17:42:34','2025-12-29 17:42:34'),(3,4,0,0,0,0,NULL,'2025-12-29 17:42:34','2025-12-29 17:42:34'),(4,5,0,0,0,0,NULL,'2025-12-29 17:42:34','2025-12-29 17:42:34'),(5,6,0,0,0,0,NULL,'2025-12-29 17:42:34','2025-12-29 17:42:34'),(6,7,0,0,0,0,NULL,'2025-12-29 17:42:34','2025-12-29 17:42:34'),(7,8,0,0,0,0,NULL,'2025-12-29 17:42:34','2025-12-29 17:42:34'),(8,9,0,0,0,0,NULL,'2025-12-29 17:42:34','2025-12-29 17:42:34'),(9,10,0,0,0,0,NULL,'2025-12-29 17:42:34','2025-12-29 17:42:34'),(10,11,0,0,0,0,NULL,'2025-12-29 17:42:34','2025-12-29 17:42:34'),(11,12,0,0,0,0,NULL,'2025-12-29 17:42:34','2025-12-29 17:42:34'),(12,13,0,0,0,0,NULL,'2025-12-29 17:42:34','2025-12-29 17:42:34'),(13,14,0,0,0,0,NULL,'2025-12-29 17:42:34','2025-12-29 17:42:34'),(14,15,0,0,0,0,NULL,'2025-12-29 17:42:34','2025-12-29 17:42:34'),(15,16,0,0,0,0,NULL,'2025-12-29 17:42:34','2025-12-29 17:42:34'),(16,17,0,0,0,0,NULL,'2025-12-29 17:42:34','2025-12-29 17:42:34'),(17,18,0,0,0,0,NULL,'2025-12-29 17:42:34','2025-12-29 17:42:34'),(18,19,0,0,0,0,NULL,'2025-12-29 17:42:34','2025-12-29 17:42:34'),(19,20,0,0,0,0,NULL,'2025-12-29 17:42:34','2025-12-29 17:42:34'),(20,21,0,0,0,0,NULL,'2025-12-29 17:42:34','2025-12-29 17:42:34'),(21,22,0,0,0,0,NULL,'2025-12-29 17:42:34','2025-12-29 17:42:34'),(22,23,0,0,0,0,NULL,'2025-12-29 17:42:34','2025-12-29 17:42:34'),(23,24,0,0,0,0,NULL,'2025-12-29 17:42:34','2025-12-29 17:42:34'),(24,25,0,0,0,0,NULL,'2025-12-29 17:42:34','2025-12-29 17:42:34'),(25,26,0,0,0,0,NULL,'2025-12-29 17:42:34','2025-12-29 17:42:34'),(26,27,0,0,0,0,NULL,'2025-12-29 17:42:34','2025-12-29 17:42:34'),(27,28,0,0,0,0,NULL,'2025-12-29 17:42:34','2025-12-29 17:42:34'),(28,29,0,0,0,0,NULL,'2025-12-29 17:42:34','2025-12-29 17:42:34'),(29,30,0,0,0,0,NULL,'2025-12-29 17:42:34','2025-12-29 17:42:34'),(30,31,0,0,0,0,NULL,'2025-12-29 17:42:34','2025-12-29 17:42:34'),(31,32,0,0,0,0,NULL,'2025-12-29 17:42:34','2025-12-29 17:42:34'),(32,33,0,0,0,0,NULL,'2025-12-29 17:42:34','2025-12-29 17:42:34'),(33,34,0,0,0,0,NULL,'2025-12-29 17:42:34','2025-12-29 17:42:34'),(34,35,0,0,0,0,NULL,'2025-12-29 17:42:34','2025-12-29 17:42:34'),(35,36,0,0,0,0,NULL,'2025-12-29 17:42:34','2025-12-29 17:42:34'),(36,37,0,0,0,0,NULL,'2025-12-29 17:42:34','2025-12-29 17:42:34'),(37,38,0,0,0,0,NULL,'2025-12-29 17:42:34','2025-12-29 17:42:34'),(38,39,0,0,0,0,NULL,'2025-12-29 17:42:34','2025-12-29 17:42:34'),(39,40,0,0,0,0,NULL,'2025-12-29 17:42:34','2025-12-29 17:42:34'),(40,41,0,0,0,0,NULL,'2025-12-29 17:42:34','2025-12-29 17:42:34'),(41,42,0,0,0,0,NULL,'2025-12-29 17:42:34','2025-12-29 17:42:34'),(42,43,0,0,0,0,NULL,'2025-12-29 17:42:34','2025-12-29 17:42:34'),(43,44,0,0,0,0,NULL,'2025-12-29 17:42:34','2025-12-29 17:42:34'),(44,45,0,0,0,0,NULL,'2025-12-29 17:42:34','2025-12-29 17:42:34'),(45,46,0,0,0,0,NULL,'2025-12-29 17:42:34','2025-12-29 17:42:34'),(46,47,0,0,0,0,NULL,'2025-12-29 17:42:34','2025-12-29 17:42:34'),(47,48,0,0,0,0,NULL,'2025-12-29 17:42:34','2025-12-29 17:42:34'),(48,49,0,0,0,0,NULL,'2025-12-29 17:42:34','2025-12-29 17:42:34'),(49,50,0,0,0,0,NULL,'2025-12-29 17:42:34','2025-12-29 17:42:34'),(50,51,0,0,0,0,NULL,'2025-12-29 17:42:34','2025-12-29 17:42:34'),(51,52,0,0,0,0,NULL,'2025-12-29 17:42:34','2025-12-29 17:42:34'),(52,53,0,0,0,0,NULL,'2025-12-29 17:42:34','2025-12-29 17:42:34'),(53,54,0,0,0,0,NULL,'2025-12-29 17:42:34','2025-12-29 17:42:34'),(54,55,0,0,0,0,NULL,'2025-12-29 17:42:34','2025-12-29 17:42:34'),(55,56,0,0,0,0,NULL,'2025-12-29 17:42:34','2025-12-29 17:42:34'),(56,57,0,0,0,0,NULL,'2025-12-29 17:42:34','2025-12-29 17:42:34'),(57,58,0,0,0,0,NULL,'2025-12-29 17:42:34','2025-12-29 17:42:34'),(58,59,0,0,0,0,NULL,'2025-12-29 17:42:34','2025-12-29 17:42:34');
/*!40000 ALTER TABLE `question_statistics` ENABLE KEYS */;
UNLOCK TABLES;

--
-- Table structure for table `question_tag`
--

DROP TABLE IF EXISTS `question_tag`;
/*!40101 SET @saved_cs_client     = @@character_set_client */;
/*!50503 SET character_set_client = utf8mb4 */;
CREATE TABLE `question_tag` (
  `tag_id` int NOT NULL AUTO_INCREMENT COMMENT '??ID',
  `tag_name` varchar(50) NOT NULL COMMENT '????',
  `tag_description` text COMMENT '????',
  `is_active` tinyint(1) NOT NULL DEFAULT '1' COMMENT '?????1-???0-???',
  `create_time` datetime NOT NULL DEFAULT CURRENT_TIMESTAMP COMMENT '????',
  `update_time` datetime NOT NULL DEFAULT CURRENT_TIMESTAMP ON UPDATE CURRENT_TIMESTAMP COMMENT '????',
  PRIMARY KEY (`tag_id`),
  UNIQUE KEY `tag_name` (`tag_name`)
) ENGINE=InnoDB AUTO_INCREMENT=18 DEFAULT CHARSET=utf8mb4 COLLATE=utf8mb4_0900_ai_ci COMMENT='?????';
/*!40101 SET character_set_client = @saved_cs_client */;

--
-- Dumping data for table `question_tag`
--

LOCK TABLES `question_tag` WRITE;
/*!40000 ALTER TABLE `question_tag` DISABLE KEYS */;
INSERT INTO `question_tag` VALUES (13,'高频考点','考试高频出现的考点',1,'2025-12-29 18:08:47','2025-12-29 18:08:47'),(14,'易错题目','学生容易出错的题目',1,'2025-12-29 18:08:47','2025-12-29 18:08:47'),(15,'重点难点','课程重点难点题目',1,'2025-12-29 18:08:47','2025-12-29 18:08:47'),(16,'经典例题','经典例题',1,'2025-12-29 18:08:47','2025-12-29 18:08:47'),(17,'新知识点','新增加的知识点题目',1,'2025-12-29 18:08:47','2025-12-29 18:08:47');
/*!40000 ALTER TABLE `question_tag` ENABLE KEYS */;
UNLOCK TABLES;

--
-- Table structure for table `question_tag_relation`
--

DROP TABLE IF EXISTS `question_tag_relation`;
/*!40101 SET @saved_cs_client     = @@character_set_client */;
/*!50503 SET character_set_client = utf8mb4 */;
CREATE TABLE `question_tag_relation` (
  `relation_id` int NOT NULL AUTO_INCREMENT COMMENT '??ID',
  `question_id` int NOT NULL COMMENT '??ID',
  `tag_id` int NOT NULL COMMENT '??ID',
  `create_time` datetime NOT NULL DEFAULT CURRENT_TIMESTAMP COMMENT '????',
  PRIMARY KEY (`relation_id`),
  UNIQUE KEY `uk_question_tag` (`question_id`,`tag_id`),
  KEY `tag_id` (`tag_id`),
  CONSTRAINT `question_tag_relation_ibfk_1` FOREIGN KEY (`question_id`) REFERENCES `question` (`question_id`) ON DELETE CASCADE,
  CONSTRAINT `question_tag_relation_ibfk_2` FOREIGN KEY (`tag_id`) REFERENCES `question_tag` (`tag_id`) ON DELETE CASCADE
) ENGINE=InnoDB DEFAULT CHARSET=utf8mb4 COLLATE=utf8mb4_0900_ai_ci COMMENT='??-?????';
/*!40101 SET character_set_client = @saved_cs_client */;

--
-- Dumping data for table `question_tag_relation`
--

LOCK TABLES `question_tag_relation` WRITE;
/*!40000 ALTER TABLE `question_tag_relation` DISABLE KEYS */;
/*!40000 ALTER TABLE `question_tag_relation` ENABLE KEYS */;
UNLOCK TABLES;

--
-- Table structure for table `question_type`
--

DROP TABLE IF EXISTS `question_type`;
/*!40101 SET @saved_cs_client     = @@character_set_client */;
/*!50503 SET character_set_client = utf8mb4 */;
CREATE TABLE `question_type` (
  `type_id` int NOT NULL AUTO_INCREMENT,
  `type_code` varchar(10) NOT NULL COMMENT '题型编码',
  `type_name` varchar(20) NOT NULL COMMENT '题型名称',
  `create_time` datetime DEFAULT CURRENT_TIMESTAMP,
  `update_time` datetime DEFAULT CURRENT_TIMESTAMP ON UPDATE CURRENT_TIMESTAMP,
  PRIMARY KEY (`type_id`),
  UNIQUE KEY `type_code` (`type_code`),
  UNIQUE KEY `type_name` (`type_name`)
) ENGINE=InnoDB AUTO_INCREMENT=6 DEFAULT CHARSET=utf8mb4 COLLATE=utf8mb4_0900_ai_ci COMMENT='题型字典';
/*!40101 SET character_set_client = @saved_cs_client */;

--
-- Dumping data for table `question_type`
--

LOCK TABLES `question_type` WRITE;
/*!40000 ALTER TABLE `question_type` DISABLE KEYS */;
INSERT INTO `question_type` VALUES (1,'1','单选题','2025-12-29 14:02:16','2025-12-29 14:02:16'),(2,'2','多选题','2025-12-29 14:02:16','2025-12-29 14:02:16'),(3,'3','判断题','2025-12-29 14:02:16','2025-12-29 14:02:16'),(4,'4','填空题','2025-12-29 14:02:16','2025-12-29 14:02:16'),(5,'5','问答题','2025-12-29 14:02:16','2025-12-29 14:02:16');
/*!40000 ALTER TABLE `question_type` ENABLE KEYS */;
UNLOCK TABLES;

--
-- Table structure for table `role`
--

DROP TABLE IF EXISTS `role`;
/*!40101 SET @saved_cs_client     = @@character_set_client */;
/*!50503 SET character_set_client = utf8mb4 */;
CREATE TABLE `role` (
  `role_id` int NOT NULL AUTO_INCREMENT,
  `role_name` varchar(50) NOT NULL,
  `role_desc` varchar(255) DEFAULT NULL,
  PRIMARY KEY (`role_id`),
  UNIQUE KEY `ole_name` (`role_name`),
  UNIQUE KEY `role_name` (`role_name`)
) ENGINE=InnoDB AUTO_INCREMENT=5 DEFAULT CHARSET=utf8mb4 COLLATE=utf8mb4_0900_ai_ci;
/*!40101 SET character_set_client = @saved_cs_client */;

--
-- Dumping data for table `role`
--

LOCK TABLES `role` WRITE;
/*!40000 ALTER TABLE `role` DISABLE KEYS */;
INSERT INTO `role` VALUES (1,'系统管理员','拥有系统所有权限'),(2,'学院管理员','管理学院相关数据'),(3,'教师','管理课程和题库'),(4,'学生','查看课程和考试');
/*!40000 ALTER TABLE `role` ENABLE KEYS */;
UNLOCK TABLES;

--
-- Table structure for table `role_permission`
--

DROP TABLE IF EXISTS `role_permission`;
/*!40101 SET @saved_cs_client     = @@character_set_client */;
/*!50503 SET character_set_client = utf8mb4 */;
CREATE TABLE `role_permission` (
  `id` int NOT NULL AUTO_INCREMENT,
  `role_id` int NOT NULL,
  `permission_id` int NOT NULL,
  PRIMARY KEY (`id`),
  UNIQUE KEY `uk_role_permission` (`role_id`,`permission_id`),
  KEY `permission_id` (`permission_id`),
  CONSTRAINT `role_permission_ibfk_1` FOREIGN KEY (`role_id`) REFERENCES `role` (`role_id`) ON DELETE CASCADE,
  CONSTRAINT `role_permission_ibfk_2` FOREIGN KEY (`permission_id`) REFERENCES `permission` (`permission_id`) ON DELETE CASCADE
) ENGINE=InnoDB AUTO_INCREMENT=49 DEFAULT CHARSET=utf8mb4 COLLATE=utf8mb4_0900_ai_ci;
/*!40101 SET character_set_client = @saved_cs_client */;

--
-- Dumping data for table `role_permission`
--

LOCK TABLES `role_permission` WRITE;
/*!40000 ALTER TABLE `role_permission` DISABLE KEYS */;
INSERT INTO `role_permission` VALUES (1,1,1),(2,1,2),(3,1,3),(4,1,4),(5,1,5),(6,1,6),(7,1,7),(8,1,8),(9,1,9),(10,1,10),(11,1,11),(12,1,12),(13,1,13),(14,1,14),(15,1,15),(16,1,16),(17,1,17),(18,1,18),(19,1,19),(20,2,1),(21,2,2),(22,2,3),(23,2,4),(24,2,5),(25,2,6),(26,2,7),(27,2,8),(28,2,9),(29,2,10),(30,2,11),(31,2,12),(32,2,13),(33,2,14),(34,2,15),(35,2,16),(36,2,17),(37,2,18),(38,2,19),(39,3,1),(40,3,5),(41,3,9),(42,3,13),(43,3,17),(44,4,1),(45,4,5),(46,4,9),(47,4,13),(48,4,17);
/*!40000 ALTER TABLE `role_permission` ENABLE KEYS */;
UNLOCK TABLES;

--
-- Table structure for table `role_program`
--

DROP TABLE IF EXISTS `role_program`;
/*!40101 SET @saved_cs_client     = @@character_set_client */;
/*!50503 SET character_set_client = utf8mb4 */;
CREATE TABLE `role_program` (
  `id` int NOT NULL AUTO_INCREMENT,
  `role_id` int NOT NULL,
  `program_id` int NOT NULL,
  PRIMARY KEY (`id`),
  KEY `role_id` (`role_id`),
  KEY `program_id` (`program_id`),
  CONSTRAINT `role_program_ibfk_1` FOREIGN KEY (`role_id`) REFERENCES `role` (`role_id`),
  CONSTRAINT `role_program_ibfk_2` FOREIGN KEY (`program_id`) REFERENCES `training_program` (`program_id`)
) ENGINE=InnoDB AUTO_INCREMENT=3 DEFAULT CHARSET=utf8mb4 COLLATE=utf8mb4_0900_ai_ci;
/*!40101 SET character_set_client = @saved_cs_client */;

--
-- Dumping data for table `role_program`
--

LOCK TABLES `role_program` WRITE;
/*!40000 ALTER TABLE `role_program` DISABLE KEYS */;
/*!40000 ALTER TABLE `role_program` ENABLE KEYS */;
UNLOCK TABLES;

--
-- Table structure for table `score_stat`
--

DROP TABLE IF EXISTS `score_stat`;
/*!40101 SET @saved_cs_client     = @@character_set_client */;
/*!50503 SET character_set_client = utf8mb4 */;
CREATE TABLE `score_stat` (
  `stat_id` int NOT NULL AUTO_INCREMENT,
  `paper_id` int NOT NULL COMMENT '试卷ID',
  `stat_type` enum('question','knowledge_point') NOT NULL COMMENT '统计类型',
  `target_id` int NOT NULL COMMENT '目标ID（试题ID或知识点ID）',
  `target_name` varchar(100) NOT NULL COMMENT '目标名称',
  `total_student` int NOT NULL COMMENT '总学生数',
  `total_full_score` decimal(5,1) NOT NULL COMMENT '总分',
  `total_actual_score` decimal(5,1) NOT NULL COMMENT '实际得分总和',
  `score_rate` decimal(5,2) NOT NULL COMMENT '得分率',
  `stat_time` datetime DEFAULT CURRENT_TIMESTAMP ON UPDATE CURRENT_TIMESTAMP,
  PRIMARY KEY (`stat_id`),
  KEY `paper_id` (`paper_id`),
  CONSTRAINT `score_stat_ibfk_1` FOREIGN KEY (`paper_id`) REFERENCES `exam_paper` (`paper_id`) ON DELETE CASCADE
) ENGINE=InnoDB DEFAULT CHARSET=utf8mb4 COLLATE=utf8mb4_0900_ai_ci COMMENT='成绩统计分析';
/*!40101 SET character_set_client = @saved_cs_client */;

--
-- Dumping data for table `score_stat`
--

LOCK TABLES `score_stat` WRITE;
/*!40000 ALTER TABLE `score_stat` DISABLE KEYS */;
/*!40000 ALTER TABLE `score_stat` ENABLE KEYS */;
UNLOCK TABLES;

--
-- Table structure for table `semester`
--

DROP TABLE IF EXISTS `semester`;
/*!40101 SET @saved_cs_client     = @@character_set_client */;
/*!50503 SET character_set_client = utf8mb4 */;
CREATE TABLE `semester` (
  `semester_id` int NOT NULL AUTO_INCREMENT,
  `semester_name` varchar(50) NOT NULL,
  `semester_code` varchar(20) NOT NULL,
  `start_date` date NOT NULL,
  `end_date` date NOT NULL,
  `status` varchar(20) DEFAULT '未开始',
  `create_time` datetime DEFAULT CURRENT_TIMESTAMP,
  `update_time` datetime DEFAULT CURRENT_TIMESTAMP ON UPDATE CURRENT_TIMESTAMP,
  PRIMARY KEY (`semester_id`),
  UNIQUE KEY `semester_code` (`semester_code`)
) ENGINE=InnoDB AUTO_INCREMENT=17 DEFAULT CHARSET=utf8mb4 COLLATE=utf8mb4_0900_ai_ci;
/*!40101 SET character_set_client = @saved_cs_client */;

--
-- Dumping data for table `semester`
--

LOCK TABLES `semester` WRITE;
/*!40000 ALTER TABLE `semester` DISABLE KEYS */;
INSERT INTO `semester` VALUES (15,'2025-2026学年第1学期','2025-2026-1','2025-09-01','2026-01-15','进行中','2025-12-29 16:03:03','2025-12-29 16:03:03');
/*!40000 ALTER TABLE `semester` ENABLE KEYS */;
UNLOCK TABLES;

--
-- Table structure for table `semester_schedule`
--

DROP TABLE IF EXISTS `semester_schedule`;
/*!40101 SET @saved_cs_client     = @@character_set_client */;
/*!50503 SET character_set_client = utf8mb4 */;
CREATE TABLE `semester_schedule` (
  `id` int NOT NULL AUTO_INCREMENT,
  `academic_year` int NOT NULL COMMENT '学年',
  `semester` varchar(20) NOT NULL COMMENT '学期',
  `week_schedule` text NOT NULL COMMENT '1-20周教学安排',
  `description` text COMMENT '说明',
  `create_time` datetime DEFAULT CURRENT_TIMESTAMP,
  `update_time` datetime DEFAULT CURRENT_TIMESTAMP ON UPDATE CURRENT_TIMESTAMP,
  PRIMARY KEY (`id`)
) ENGINE=InnoDB AUTO_INCREMENT=33 DEFAULT CHARSET=utf8mb4 COLLATE=utf8mb4_0900_ai_ci COMMENT='学期时间安排表';
/*!40101 SET character_set_client = @saved_cs_client */;

--
-- Dumping data for table `semester_schedule`
--

LOCK TABLES `semester_schedule` WRITE;
/*!40000 ALTER TABLE `semester_schedule` DISABLE KEYS */;
INSERT INTO `semester_schedule` VALUES (1,1,'第一学期','1-4周：△、△☆、☆、☆；5周：？；14周：无标注；16周：∥、∥、∨、∶','寒假5周；暑假7周；△为入学教育；☆为军事技能；？为“十·一”；∥为实习或实践；∨为机动；∶为考试','2025-12-29 14:09:19','2025-12-29 14:09:19'),(2,1,'第二学期','无特殊标注；17周：∥、∥、∶','-','2025-12-29 14:09:19','2025-12-29 14:09:19'),(3,2,'第一学期','5周：？；16周：∥、∥、∶','寒假5周；暑假7周','2025-12-29 14:09:19','2025-12-29 14:09:19'),(4,2,'第二学期','无特殊标注；17周：∥、∥、∶','-','2025-12-29 14:09:19','2025-12-29 14:09:19'),(5,3,'第一学期','5周：？；15周：∥、∥、∥、∶','寒假5周；暑假7周','2025-12-29 14:09:19','2025-12-29 14:09:19'),(6,3,'第二学期','无特殊标注；16周：∥、∥、∥、∶','-','2025-12-29 14:09:19','2025-12-29 14:09:19'),(7,4,'第一学期','1-5周：∥、∥、∥、∥、∥？；14周：∶','寒假5周；○为毕业设计（论文）；△为毕业教育','2025-12-29 14:09:19','2025-12-29 14:09:19'),(8,4,'第二学期','1-16周：○；16周后：△','-','2025-12-29 14:09:19','2025-12-29 14:09:19'),(9,1,'第一学期','1-4周：△、△☆、☆、☆；5周：？；14周：无标注；16周：∥、∥、∨、∶','寒假5周；暑假7周；△为入学教育；☆为军事技能；？为“十·一”；∥为实习或实践；∨为机动；∶为考试','2025-12-29 14:10:45','2025-12-29 14:10:45'),(10,1,'第二学期','无特殊标注；17周：∥、∥、∶','-','2025-12-29 14:10:45','2025-12-29 14:10:45'),(11,2,'第一学期','5周：？；16周：∥、∥、∶','寒假5周；暑假7周','2025-12-29 14:10:45','2025-12-29 14:10:45'),(12,2,'第二学期','无特殊标注；17周：∥、∥、∶','-','2025-12-29 14:10:45','2025-12-29 14:10:45'),(13,3,'第一学期','5周：？；15周：∥、∥、∥、∶','寒假5周；暑假7周','2025-12-29 14:10:45','2025-12-29 14:10:45'),(14,3,'第二学期','无特殊标注；16周：∥、∥、∥、∶','-','2025-12-29 14:10:45','2025-12-29 14:10:45'),(15,4,'第一学期','1-5周：∥、∥、∥、∥、∥？；14周：∶','寒假5周；○为毕业设计（论文）；△为毕业教育','2025-12-29 14:10:45','2025-12-29 14:10:45'),(16,4,'第二学期','1-16周：○；16周后：△','-','2025-12-29 14:10:45','2025-12-29 14:10:45'),(17,1,'第一学期','1-4周：△、△☆、☆、☆；5周：？；14周：无标注；16周：∥、∥、∨、∶','寒假5周；暑假7周；△为入学教育；☆为军事技能；？为“十·一”；∥为实习或实践；∨为机动；∶为考试','2025-12-29 14:12:58','2025-12-29 14:12:58'),(18,1,'第二学期','无特殊标注；17周：∥、∥、∶','-','2025-12-29 14:12:58','2025-12-29 14:12:58'),(19,2,'第一学期','5周：？；16周：∥、∥、∶','寒假5周；暑假7周','2025-12-29 14:12:58','2025-12-29 14:12:58'),(20,2,'第二学期','无特殊标注；17周：∥、∥、∶','-','2025-12-29 14:12:58','2025-12-29 14:12:58'),(21,3,'第一学期','5周：？；15周：∥、∥、∥、∶','寒假5周；暑假7周','2025-12-29 14:12:58','2025-12-29 14:12:58'),(22,3,'第二学期','无特殊标注；16周：∥、∥、∥、∶','-','2025-12-29 14:12:58','2025-12-29 14:12:58'),(23,4,'第一学期','1-5周：∥、∥、∥、∥、∥？；14周：∶','寒假5周；○为毕业设计（论文）；△为毕业教育','2025-12-29 14:12:58','2025-12-29 14:12:58'),(24,4,'第二学期','1-16周：○；16周后：△','-','2025-12-29 14:12:58','2025-12-29 14:12:58'),(25,1,'第一学期','1-4周：△、△☆、☆、☆；5周：？；14周：无标注；16周：∥、∥、∨、∶','寒假5周；暑假7周；△为入学教育；☆为军事技能；？为“十·一”；∥为实习或实践；∨为机动；∶为考试','2025-12-29 14:16:02','2025-12-29 14:16:02'),(26,1,'第二学期','无特殊标注；17周：∥、∥、∶','-','2025-12-29 14:16:02','2025-12-29 14:16:02'),(27,2,'第一学期','5周：？；16周：∥、∥、∶','寒假5周；暑假7周','2025-12-29 14:16:02','2025-12-29 14:16:02'),(28,2,'第二学期','无特殊标注；17周：∥、∥、∶','-','2025-12-29 14:16:02','2025-12-29 14:16:02'),(29,3,'第一学期','5周：？；15周：∥、∥、∥、∶','寒假5周；暑假7周','2025-12-29 14:16:02','2025-12-29 14:16:02'),(30,3,'第二学期','无特殊标注；16周：∥、∥、∥、∶','-','2025-12-29 14:16:02','2025-12-29 14:16:02'),(31,4,'第一学期','1-5周：∥、∥、∥、∥、∥？；14周：∶','寒假5周；○为毕业设计（论文）；△为毕业教育','2025-12-29 14:16:02','2025-12-29 14:16:02'),(32,4,'第二学期','1-16周：○；16周后：△','-','2025-12-29 14:16:02','2025-12-29 14:16:02');
/*!40000 ALTER TABLE `semester_schedule` ENABLE KEYS */;
UNLOCK TABLES;

--
-- Table structure for table `student`
--

DROP TABLE IF EXISTS `student`;
/*!40101 SET @saved_cs_client     = @@character_set_client */;
/*!50503 SET character_set_client = utf8mb4 */;
CREATE TABLE `student` (
  `student_id` int NOT NULL AUTO_INCREMENT,
  `student_no` varchar(20) NOT NULL COMMENT '学号',
  `student_name` varchar(30) NOT NULL COMMENT '姓名',
  `grade` varchar(10) NOT NULL COMMENT '年级',
  `major_id` int NOT NULL COMMENT '专业ID',
  `major_name` varchar(50) NOT NULL COMMENT '专业名称',
  `create_time` datetime DEFAULT CURRENT_TIMESTAMP,
  `update_time` datetime DEFAULT CURRENT_TIMESTAMP ON UPDATE CURRENT_TIMESTAMP,
  PRIMARY KEY (`student_id`),
  UNIQUE KEY `student_no` (`student_no`)
) ENGINE=InnoDB DEFAULT CHARSET=utf8mb4 COLLATE=utf8mb4_0900_ai_ci COMMENT='学生信息';
/*!40101 SET character_set_client = @saved_cs_client */;

--
-- Dumping data for table `student`
--

LOCK TABLES `student` WRITE;
/*!40000 ALTER TABLE `student` DISABLE KEYS */;
/*!40000 ALTER TABLE `student` ENABLE KEYS */;
UNLOCK TABLES;

--
-- Table structure for table `training_program`
--

DROP TABLE IF EXISTS `training_program`;
/*!40101 SET @saved_cs_client     = @@character_set_client */;
/*!50503 SET character_set_client = utf8mb4 */;
CREATE TABLE `training_program` (
  `program_id` int NOT NULL AUTO_INCREMENT,
  `program_code` varchar(20) NOT NULL COMMENT '计划编码',
  `program_name` varchar(100) NOT NULL COMMENT '计划名称',
  `major_id` int NOT NULL COMMENT '专业ID',
  `major_name` varchar(50) NOT NULL COMMENT '专业名称',
  `start_grade` varchar(10) NOT NULL COMMENT '起始年级',
  `create_time` datetime DEFAULT CURRENT_TIMESTAMP,
  `update_time` datetime DEFAULT CURRENT_TIMESTAMP ON UPDATE CURRENT_TIMESTAMP,
  `teacher_id` int DEFAULT NULL,
  PRIMARY KEY (`program_id`),
  UNIQUE KEY `program_code` (`program_code`)
) ENGINE=InnoDB AUTO_INCREMENT=2 DEFAULT CHARSET=utf8mb4 COLLATE=utf8mb4_0900_ai_ci COMMENT='培训计划';
/*!40101 SET character_set_client = @saved_cs_client */;

--
-- Dumping data for table `training_program`
--

LOCK TABLES `training_program` WRITE;
/*!40000 ALTER TABLE `training_program` DISABLE KEYS */;
INSERT INTO `training_program` VALUES (1,'TP001','计算机科学与技术专业培训计划',1,'计算机科学与技术','2024','2025-12-29 14:12:58','2025-12-29 19:42:38',2);
/*!40000 ALTER TABLE `training_program` ENABLE KEYS */;
UNLOCK TABLES;

--
-- Table structure for table `user`
--

DROP TABLE IF EXISTS `user`;
/*!40101 SET @saved_cs_client     = @@character_set_client */;
/*!50503 SET character_set_client = utf8mb4 */;
CREATE TABLE `user` (
  `user_id` int NOT NULL AUTO_INCREMENT,
  `username` varchar(50) NOT NULL,
  `password` varchar(255) NOT NULL,
  `real_name` varchar(50) NOT NULL,
  `email` varchar(100) NOT NULL,
  `phone` varchar(20) NOT NULL,
  `status` int DEFAULT '1',
  `create_time` datetime DEFAULT CURRENT_TIMESTAMP,
  `update_time` datetime DEFAULT CURRENT_TIMESTAMP ON UPDATE CURRENT_TIMESTAMP,
  `program_id` int DEFAULT NULL,
  PRIMARY KEY (`user_id`),
  UNIQUE KEY `username` (`username`)
) ENGINE=InnoDB AUTO_INCREMENT=18 DEFAULT CHARSET=utf8mb4 COLLATE=utf8mb4_0900_ai_ci;
/*!40101 SET character_set_client = @saved_cs_client */;

--
-- Dumping data for table `user`
--

LOCK TABLES `user` WRITE;
/*!40000 ALTER TABLE `user` DISABLE KEYS */;
INSERT INTO `user` VALUES (1,'admin','','系统管理员','admin@example.com','13800138000',1,'2025-12-29 19:31:21','2025-12-29 20:06:45',NULL),(16,'测试','123456','测试','','',1,'2025-12-30 15:12:11','2025-12-30 15:12:11',NULL),(17,'计算机老师','123456','啊啊啊','','',1,'2025-12-30 16:17:17','2025-12-30 16:17:17',1);
/*!40000 ALTER TABLE `user` ENABLE KEYS */;
UNLOCK TABLES;

--
-- Table structure for table `user_role`
--

DROP TABLE IF EXISTS `user_role`;
/*!40101 SET @saved_cs_client     = @@character_set_client */;
/*!50503 SET character_set_client = utf8mb4 */;
CREATE TABLE `user_role` (
  `id` int NOT NULL AUTO_INCREMENT,
  `user_id` int NOT NULL,
  `role_id` int NOT NULL,
  PRIMARY KEY (`id`),
  UNIQUE KEY `uk_user_role` (`user_id`,`role_id`),
  KEY `fk_user_role_role` (`role_id`),
  CONSTRAINT `fk_user_role_role` FOREIGN KEY (`role_id`) REFERENCES `role` (`role_id`) ON DELETE CASCADE,
  CONSTRAINT `user_role_ibfk_1` FOREIGN KEY (`user_id`) REFERENCES `user` (`user_id`) ON DELETE CASCADE,
  CONSTRAINT `user_role_ibfk_2` FOREIGN KEY (`role_id`) REFERENCES `role` (`role_id`) ON DELETE CASCADE
) ENGINE=InnoDB AUTO_INCREMENT=12 DEFAULT CHARSET=utf8mb4 COLLATE=utf8mb4_0900_ai_ci;
/*!40101 SET character_set_client = @saved_cs_client */;

--
-- Dumping data for table `user_role`
--

LOCK TABLES `user_role` WRITE;
/*!40000 ALTER TABLE `user_role` DISABLE KEYS */;
INSERT INTO `user_role` VALUES (11,1,3);
/*!40000 ALTER TABLE `user_role` ENABLE KEYS */;
UNLOCK TABLES;
SET @@SESSION.SQL_LOG_BIN = @MYSQLDUMP_TEMP_LOG_BIN;
/*!40103 SET TIME_ZONE=@OLD_TIME_ZONE */;

/*!40101 SET SQL_MODE=@OLD_SQL_MODE */;
/*!40014 SET FOREIGN_KEY_CHECKS=@OLD_FOREIGN_KEY_CHECKS */;
/*!40014 SET UNIQUE_CHECKS=@OLD_UNIQUE_CHECKS */;
/*!40101 SET CHARACTER_SET_CLIENT=@OLD_CHARACTER_SET_CLIENT */;
/*!40101 SET CHARACTER_SET_RESULTS=@OLD_CHARACTER_SET_RESULTS */;
/*!40101 SET COLLATION_CONNECTION=@OLD_COLLATION_CONNECTION */;
/*!40111 SET SQL_NOTES=@OLD_SQL_NOTES */;

-- Dump completed on 2025-12-31 15:09:32
